mjd,bjd,mag,magerr,filter,sn,site_id,fwhm,Nbin
58655.43743477623,2458655.9350020573,18.603049181185494,0.03635193546518207,rp,29.874612894825706,elp,1.6912855262758655,3.0
58655.4430070949,2458655.9405746753,18.58055805241781,0.042114157258962136,gp,25.78705287445573,elp,1.8057083102192424,3.0
58656.4287133179,2458656.926333572,18.533176664459518,0.04156086956408176,rp,26.130348363513455,elp,2.2991708534752786,3.0
58656.43258521991,2458656.930205685,18.42834412874112,0.1055315956380565,gp,10.300232775526144,elp,,
58657.44256403548,2458657.940239401,18.567096885250756,0.0401691500982273,rp,27.035672832120145,elp,2.532019292294132,3.0
58657.44814281636,2458657.9458184917,18.469918675321086,0.055469159091184404,gp,19.57844715501728,elp,2.8344068774383664,3.0
58658.43924247299,2458658.9369728956,18.53169922559747,0.03167584494966034,rp,34.28479971807809,elp,1.9857517012245502,3.0
58658.444818634256,2458658.9425493707,18.487159675571633,0.038654382864206395,gp,28.09513228590764,elp,2.4220390019117386,3.0
58663.44248606482,2458663.940505687,18.393932927141705,0.020835781840704736,gp,52.12187420192666,elp,2.1847412298087026,3.0
58663.44435171682,2458663.9423714518,18.465898000871157,0.0226432608869163,rp,47.961289914188605,elp,1.9284154192311507,3.0
58665.41040507329,2458665.908543987,18.38106508231677,0.019717194746290936,gp,55.0788291120516,elp,2.874790477495189,3.0
58665.41226540509,2458665.910404435,18.456989908494034,0.0256760683147461,rp,42.29619530090969,elp,2.6486402344998234,3.0
58669.39520049768,2458669.8935898626,18.44534458430547,0.029840383210856497,gp,36.39363450282008,elp,2.5217103980369204,3.0
58669.397064876546,2458669.8954543625,18.51498965648977,0.041041103138935865,rp,26.46127703545345,elp,2.2188075291552978,3.0
58670.426357986114,2458670.924814002,18.450646801760403,0.07472146211530069,gp,14.533976842211981,elp,2.926530428712583,3.0
58670.43009037038,2458670.9285466317,18.597437965526176,0.07251689581532014,rp,14.975820293876511,elp,2.0061233188792373,2.0
58673.41750555555,2458673.916158753,18.417157180708,0.0187666867720522,gp,57.86849928231857,elp,2.1184672568302054,3.0
58673.4193587307,2458673.9180120532,18.482245947326064,0.022116870602835098,rp,49.102787618642076,elp,2.0528724362828914,3.0
58675.42180267361,2458675.9205910563,18.429077637072755,0.012741763519459649,gp,85.23153002654809,elp,2.279261235167128,2.0
58675.42562767361,2458675.9244163185,18.451581600034377,0.0159756269302354,rp,68.0411482283077,elp,2.406598211803366,1.0
58676.40100286651,2458676.8998581134,18.440164630259957,0.0194768413334557,gp,55.75852785402937,elp,2.0937152125700833,3.0
58676.402866766985,2458676.9017221425,18.47269071578328,0.025275844822069668,rp,42.96592290564138,elp,1.9197192724293253,3.0
58678.40595111111,2458678.9049449083,18.47474764874066,0.04494484626199873,rp,24.162948376090515,elp,2.6006999509953284,3.0
58678.40781885031,2458678.906812779,18.416417257276265,0.03231592000851847,gp,33.6057274468352,elp,2.406623311876729,3.0
58679.45172605324,2458679.950792961,18.46366929650644,0.023893700594574633,rp,45.451310302540165,elp,1.8176091980487754,3.0
58679.45359328317,2458679.9526603227,18.43988258762081,0.0262382884057193,gp,41.38989492025245,elp,1.926071054841494,3.0
58680.36575302855,2458680.8648842024,18.717575196682766,0.13469841304295804,rp,8.06245578894573,elp,3.371454853909762,3.0
58680.36765479167,2458680.8667861014,18.43035284030952,0.0695001241622108,gp,15.64026019989725,elp,,
58683.364864014286,2458683.8642089195,18.454966186684125,0.050109359992386616,rp,21.672597697615814,elp,2.1480142231947235,6.0
58683.36672901234,2458683.866074053,18.460606846549798,0.05081564700271085,gp,21.371370120350242,elp,2.669357640786553,6.0
58684.35435315586,2458684.8537694155,18.490779941430358,0.03531730152670617,rp,30.74980117546044,elp,1.7728557064080743,3.0
58684.35622354938,2458684.8556399453,18.42795124878119,0.03756938689873083,gp,28.906513777489604,elp,2.0350664278636654,3.0
58685.35607600695,2458685.855564907,18.469028900142604,0.02775705619317333,rp,39.125186491033396,elp,1.9570198399509893,3.0
58685.35794639275,2458685.85743543,18.40538589916612,0.02609259503709557,gp,41.62100390766213,elp,2.0923509720530755,3.0
58686.45398233411,2458686.9535513367,18.454994929266398,0.031618960346122,rp,34.346480343184204,elp,2.4529444598865475,3.0
58686.45584606866,2458686.9554152084,18.441323595843066,0.03037901957901637,gp,35.74835577479039,elp,2.639841597768504,3.0
58688.431200914354,2458688.9309151326,18.43728929719267,0.0207508252741675,rp,52.33526790628182,elp,1.5861649291686097,3.0
58688.43305721065,2458688.9327715663,18.41538957659013,0.018434113666933403,gp,58.91251511310991,elp,1.7879477516116447,3.0
58689.35911839699,2458689.858901166,18.48062864410737,0.0367890975927885,rp,29.519615077834384,elp,1.8614471811207276,6.0
58689.36098443094,2458689.8607673394,18.421243343093092,0.02887312729475408,gp,37.61282901271709,elp,2.2098633796160425,6.0
58690.38171048996,2458690.881569161,18.45837779275035,0.03779402538987477,rp,28.734700492923558,elp,1.7921364877250625,3.0
58690.38357591435,2458690.8834347245,18.422535392987864,0.028827982687320203,gp,37.67173068539652,elp,1.9637925831825764,3.0
58691.366228858016,2458691.866160855,18.464425496222958,0.027461761649999545,rp,39.54589708559422,elp,1.905834002386902,6.0
58691.36811393519,2458691.8680460737,18.39428986303743,0.020449642393848718,gp,53.106063132266335,elp,1.9532935988459752,6.0
58693.41037799383,2458693.9104630533,18.473855542555583,0.03446199298155303,rp,31.51297722628285,elp,2.0967114970809537,3.0
58693.41038394676,2458693.9104690067,18.395560869735313,0.0183166557762129,gp,59.29029912820354,elp,2.4607924805700003,2.0
58700.42232476852,2458700.9229403227,18.363044722152065,0.0148173438805606,gp,73.35997676562135,elp,,
58700.42486361111,2458700.925479359,18.468228412988346,0.0169008447570115,rp,64.31631173708743,elp,1.686674587937066,1.0
58701.338455335645,2458701.839140514,18.40477040918451,0.012483670424192,gp,87.07375030558238,elp,,
58701.34101671296,2458701.841702088,18.507370422646712,0.0157861030388154,rp,68.8580327476982,elp,1.7577075347624591,1.0
58702.33381366898,2458702.8345745625,18.40088731773584,0.0157047776115204,gp,69.21460636458157,elp,,
58702.33640565972,2458702.837166752,18.42509226820455,0.0156743722555494,rp,69.34886975247973,elp,1.3762079022794464,1.0
58703.39977525463,2458703.9006172805,18.38452451983401,0.0095192986276314,gp,114.18908526213217,elp,,
58703.402328125,2458703.903170346,18.4423282837412,0.0117748490484796,rp,92.3154085063536,elp,1.3770967804115828,1.0
58704.374486875,2458704.875403032,18.41017726983072,0.0125760832333613,gp,86.43390639874985,elp,,
58704.37703414352,2458704.877950495,18.489732787393663,0.0152120677745917,rp,71.45642631277462,elp,1.55964818201689,1.0
58705.353142962966,2458705.854133518,18.39554490271518,0.011500559826477,gp,94.51713814595072,elp,,
58705.35572342593,2458705.8567141783,18.448130456140024,0.0150439254306141,rp,72.25507764311445,elp,1.9469386473508448,1.0
58706.3221521875,2458706.823216348,18.403767832580108,0.025549976814658,gp,42.54406994325381,elp,,
58706.32472075232,2458706.8257851093,18.471002210942192,0.0211180463146785,rp,51.47256445045704,elp,1.489062046614405,1.0
58707.324749513886,2458707.8258897774,18.47455655732179,0.0306640911237416,gp,35.44862936184454,elp,,
58707.32729122685,2458707.8284316845,18.46550793012412,0.0283639030610643,rp,38.32335760208549,elp,1.952556425140536,1.0
58708.31671,2458708.817925458,18.44458208830749,0.0215786018054204,gp,50.37397748911358,elp,,
58708.31928417824,2458708.820499833,18.54825610289745,0.0207542732424761,rp,52.37475614303633,elp,1.880868747456604,1.0
58709.45640391204,2458709.957705677,18.34811541457306,0.0216008962011402,gp,50.321986584509816,elp,,
58709.45897446759,2458709.960276427,18.45015012634104,0.0221993093979368,rp,48.96548719223822,elp,1.986820770747464,1.0
58710.36198130401,2458710.8633514554,18.416598928332466,0.0521725337323043,gp,20.81555029648806,elp,2.4830741126576275,3.0
58710.36802346064,2458710.869394071,18.400958202720645,0.06081705909079,rp,17.856831886243928,elp,2.890252283543452,2.0
58711.31138638889,2458711.812828096,18.453204605470795,0.0445161225053235,gp,24.41811954529469,elp,,
58711.313939479165,2458711.81538138,18.537911973000213,0.0415849266207533,rp,26.13927902081653,elp,1.4673859742634257,1.0
58715.29771918982,2458715.799459509,18.38017158891208,0.0318866226239798,gp,34.08953070691322,elp,,
58715.30027733796,2458715.802017849,18.47909382671194,0.0299129602282161,rp,36.33876392396967,elp,1.7445508838469768,1.0
58717.3147741088,2458717.8166640564,18.39733478384945,0.0170750653904748,gp,63.66007838932612,elp,,
58717.31733841435,2458717.8192285527,18.404654635431456,0.02028014252073,rp,53.59922884610493,elp,1.6259018144676485,1.0
58718.37658834491,2458718.878556601,18.58025523479576,0.144121363792144,gp,7.542254505674565,elp,,
58718.37915342593,2458718.881121871,18.54453286095498,0.1364291141184382,rp,7.967507581655191,elp,2.2368474160014875,1.0
58720.30265457176,2458720.804763844,18.41942157763844,0.0141316637521091,gp,76.91946408648563,elp,,
58720.305217534726,2458720.807326996,18.450218630188807,0.0170793616552975,rp,63.64406480396229,elp,2.0659573060555414,1.0
58721.281271921296,2458721.783452339,18.421280249150684,0.0128154114700783,gp,84.81975027656013,elp,,
58721.28383817129,2458721.7860187767,18.47561611560179,0.015087016576744,rp,72.04870455803695,elp,1.529820056086491,1.0
58722.281316782406,2458722.7835695343,18.42465016957537,0.0138017739649926,gp,78.75799181187061,elp,,
58722.28388400463,2458722.7861369434,18.499447069898785,0.0168433750584674,rp,64.53575938473334,elp,1.839323747946461,1.0
58724.27300594907,2458724.7754015177,18.366125849845403,0.0794637557789917,gp,13.679192364034396,elp,,
58724.27557372685,2458724.77796948,18.65495373706295,0.1367459161765685,rp,7.949049086026802,elp,1.6438509360679316,1.0
58725.34785537037,2458725.8503273167,18.31421721956936,0.0787538964445436,gp,13.80249254411162,elp,,
58725.3504003125,2458725.85287244,18.573712618890195,0.0822626961617983,rp,13.213765785953475,elp,1.5853377741388035,1.0
58726.35825484954,2458726.8607980576,18.380903591890327,0.012451372019041,gp,87.29961651177977,elp,,
58726.36082512732,2458726.863368517,18.47463884184297,0.0151703733995401,rp,71.65281772386749,elp,1.6318716356276282,1.0
58727.37552099537,2458727.8781354334,18.42850023660077,0.0122840024752254,gp,88.48907388703226,elp,,
58727.37807525463,2458727.8806898715,18.449476711719885,0.0142590508752277,rp,76.23228288566773,elp,1.619806474523607,1.0
58729.36844359954,2458729.871195983,18.399067566958703,0.0115257617904578,gp,94.3104690712502,elp,,
58729.37099752315,2458729.8737500827,18.4360553337448,0.013593581577885,rp,79.96420912119612,elp,1.3088495172477226,1.0
58730.28217842593,2458730.784993283,18.35120601584086,0.0120269607977443,gp,90.3802730616198,elp,,
58730.28473396991,2458730.7875490026,18.4498105581604,0.015429921563513,rp,70.4475389279019,elp,1.5886605065028825,1.0
58731.420566782406,2458731.9234588654,18.44287288445475,0.0118560515500605,gp,91.68313718587578,elp,,
58731.42312168981,2458731.926013945,18.47928467424337,0.0137281389119808,rp,79.18043421402747,elp,1.4354850258404648,1.0
58732.34876020833,2458732.851714644,18.33514510316487,0.0227213325001265,gp,47.84050424974217,elp,,
58732.35131331019,2458732.854267917,18.45509958527548,0.0288585231650856,rp,37.6665151510607,elp,1.302292320215555,1.0
58733.37547025463,2458733.878493045,18.366333505762505,0.010932728972284,gp,99.42622776923724,elp,,
58733.37802978009,2458733.881052741,18.45894981939606,0.0129908755275197,rp,83.67411401158819,elp,1.280819059517043,1.0
58734.26761528936,2458734.770696885,18.37787825925522,0.0213462784225654,gp,50.9222254622072,elp,,
58734.27017314815,2458734.773254913,18.47546379776536,0.0209276587341582,rp,51.9408316911165,elp,1.6859646277574227,1.0
58737.27031267361,2458737.773588391,18.39454264017549,0.0311038654646453,gp,34.9474248702897,elp,,
58737.27287094908,2458737.77614683,18.4188324733168,0.029886448566022,rp,36.37099930426688,elp,1.8359759947479544,1.0
58743.3824622338,2458743.886112743,18.47227782866607,0.0333139759246271,gp,32.62894839675203,elp,,
58743.38500884259,2458743.888659501,18.49215630755898,0.0342003461696568,rp,31.783304025552585,elp,2.843738969248463,1.0
58744.242443587966,2458744.7461444223,18.433309103196667,0.0284730162260751,gp,38.17649637142706,elp,,
58744.24499325232,2458744.7486942364,18.46348011956493,0.0276359744464136,rp,39.33279074735597,elp,1.3506637385366251,1.0
58745.25084395833,2458745.7546030614,18.60500191543317,0.1723897923682644,gp,6.305640161440037,elp,,
58750.28683618055,2458750.7908729645,18.33056529070926,0.0347003486088659,gp,31.32533373578048,elp,,
58751.28594457176,2458751.790033676,18.41314926332028,0.0270510320731767,gp,40.18330991144392,elp,,
58751.28850364583,2458751.792592883,18.48231005572025,0.040648298313242,rp,26.741586858654017,elp,1.7904952512474834,1.0
58752.28527688657,2458752.789417364,18.398962934074007,0.0159080449989688,gp,68.33020660848929,elp,,
58752.28784057871,2458752.791981188,18.483340776925367,0.0204723724843485,rp,53.09594678541622,elp,1.4960210703115326,1.0
58753.21596122685,2458753.720148642,18.432744685338264,0.0122045204010168,gp,89.06535977590552,elp,,
58753.21851631944,2458753.7227038643,18.456736960196217,0.0155540885425943,rp,69.8851621567836,elp,1.5571433594408894,1.0
58755.293598923614,2458755.7978880755,18.497024911393343,0.02002593920748608,gp,54.229666271733834,elp,2.2671045938235497,5.0
58755.295458611115,2458755.7997478526,18.56841943314891,0.028568255551742323,rp,38.01422169558292,elp,2.125627081605061,5.0
58756.230775231474,2458756.7351088193,18.589580498358735,0.022211704707194233,gp,48.8931405453203,elp,2.230866407685054,3.0
58756.232629660495,2458756.736963336,18.697804257667443,0.03102912740319037,rp,34.999372875962315,elp,2.223791764093537,3.0
58758.35549829862,2458758.859929251,18.675241197159885,0.020179659323601534,gp,53.81656759338085,elp,1.95998649927974,3.0
58758.35736726081,2458758.8617982958,18.853447267563055,0.0297350639684219,rp,36.52253787492478,elp,1.7944956240559469,3.0
58760.280312285875,2458760.784827241,18.63488957622436,0.052833921335890044,gp,20.55497628305475,elp,2.7430630360369728,2.0
58760.2821745081,2458760.786689543,18.59384793370598,0.06415361207451464,rp,16.928119319900606,elp,2.721619423598462,2.0
58761.41543536541,2458761.919997894,18.595715438779663,0.03240599121390987,gp,33.51232162075783,elp,2.185113191902342,7.0
58761.44360329366,2458761.9481669893,18.69144966030698,0.023562021602558516,rp,46.09112148008875,elp,2.0287139295772016,7.0
58762.39887364162,2458762.903476306,18.633234492187167,0.021127306050188723,rp,51.40267279794999,elp,1.78460668687374,11.0
58762.39894571083,2458762.90354838,18.580296216511986,0.021034790955951985,gp,51.62875173203024,elp,1.9095546575498534,12.0
58763.4443137037,2458763.948957796,18.588003303735864,0.021104027813305802,rp,51.45937114977132,elp,1.9781261342056657,4.0
58763.45880191799,2458763.9634465827,18.576914265163644,0.025252166864873454,gp,43.00621035063172,elp,2.146006498486193,7.0
58764.256323799185,2458764.7609992772,18.45955886786723,0.023287327709678025,gp,46.63480557061372,elp,1.8036469845507586,4.0
58764.258188269676,2458764.7628638195,18.532514012512923,0.0243036780075507,rp,44.684594638827924,elp,1.4665280376194916,4.0
58765.29734753858,2458765.802062084,18.474591875618692,0.0856443811147262,gp,12.680341498938882,elp,2.913764029096528,3.0
58765.299209957564,2458765.803924575,18.46819549929426,0.07346287021858984,rp,14.782978078158276,elp,2.264873400649962,3.0
58766.320078339115,2458766.824830053,18.44985519377145,0.0329866350668912,gp,32.922424424248774,elp,1.9769513784597148,4.0
58766.3219423206,2458766.826694101,18.49963094671545,0.0303784193671624,rp,35.749062084971854,elp,1.6977067804439598,4.0
58767.22367645063,2458767.728459976,18.41648358293666,0.034445885079268136,gp,31.527713615163524,elp,1.7680403009043317,3.0
58767.22553408565,2458767.730317678,18.478855701495533,0.0354465062837075,rp,30.637716205593023,elp,1.6159238077232054,3.0
58768.27401489583,2458768.7788342037,18.47255188597322,0.04731038281982775,gp,22.954792061941596,elp,1.9822097110245618,4.0
58768.27587982638,2458768.7806991963,18.50897577517884,0.047948776450470076,rp,22.649170226936068,elp,1.8122746490240467,4.0
58769.28246221065,2458769.787314635,18.46142878486532,0.05228660028507302,gp,20.770139846136363,elp,1.9326323547624376,5.0
58769.28432965046,2458769.7891821354,18.471976071792163,0.04962673370915338,rp,21.88336646059971,elp,1.653594590180571,5.0
58771.236517943675,2458771.7414310747,18.47535426642076,0.08936843675210504,gp,12.151941328149277,elp,2.6563438611550265,3.0
58771.23838113426,2458771.7432943215,18.455045196253437,0.11158955084562776,rp,9.732094015705513,elp,2.4429973083514174,3.0
58772.22293554784,2458772.7278775615,18.41573885940842,0.05263616215672223,gp,20.63220332756167,elp,2.4126005707003624,3.0
58772.22480476852,2458772.7297468367,18.390548428014874,0.0526989629176661,rp,20.607616163086654,elp,2.1758576992571785,3.0
58773.253574707756,2458773.7585456274,18.46669099703921,0.04471942926374085,gp,24.2847464263267,elp,2.0532027447453784,4.0
58773.25545283565,2458773.7604238074,18.47995882898721,0.04473511563434415,rp,24.27623097874041,elp,1.7371125719582525,4.0
58776.268771047464,2458776.7738189357,18.447877850485515,0.016186110404440648,gp,67.09456273707714,elp,2.25022562368109,6.0
58776.2706433835,2458776.775691316,18.471817625001435,0.020573653429626432,rp,52.7859577160049,elp,2.0486959036635226,6.0
58778.28716935185,2458778.792262376,18.435247872847718,0.01425414103015478,gp,76.18838607689906,elp,2.9800016110329937,5.0
58778.28904305092,2458778.794136114,18.458752767540254,0.02093513237974978,rp,51.87452270664745,elp,2.8582565411074916,5.0
58779.228217592594,2458779.7333298903,18.27519932010047,0.0124868002663112,gp,87.0521913775474,elp,,
58779.230083055554,2458779.735195391,18.54402321956502,0.0205238414389021,rp,52.96279467900401,elp,3.1507117630966293,1.0
58780.24442810648,2458780.7495598877,18.397368479707666,0.012039688787969818,gp,90.201667096673,elp,2.938227655583654,5.0
58780.24630381019,2458780.7514356263,18.508417572048018,0.02058263697023466,rp,52.76291864694044,elp,2.776259964936835,5.0
58782.343614537036,2458782.8487823773,18.50482032542866,0.032797684162805596,rp,33.11209397008538,elp,3.25493433410142,4.0
58782.362588263895,2458782.867756399,18.398858737533075,0.013994442201391366,gp,77.60223554262326,elp,3.603253518325842,3.0
58783.305838850305,2458783.811021287,18.431205098037974,0.016436028266314566,gp,66.07435704073006,elp,4.1236898871998315,3.0
58783.307725439816,2458783.812907904,18.54746146620947,0.027711086530097965,rp,39.190090898112494,elp,3.9636373711843724,3.0
58784.229578180566,2458784.7347734636,18.279200064674985,0.0116331920936781,gp,93.35356893059232,elp,2.6942570676581594,5.0
58784.23144530092,2458784.7366406093,18.440825195038073,0.01619557960910372,rp,67.05533399925663,elp,2.4878001201517224,5.0
58785.257719909336,2458785.762928156,18.383326139367636,0.012526354428732468,gp,86.69721156132827,elp,2.152476278150919,6.0
58785.25959720872,2458785.7648054776,18.44331464520403,0.01718881838713795,rp,63.18060820356518,elp,1.8534583841029784,6.0
58786.234567142856,2458786.7397864056,18.392811887167845,0.011871484058462741,gp,91.4797168283127,elp,1.7844766605685738,7.0
58786.236438635904,2458786.741657919,18.463590161518955,0.016858330651390856,rp,64.41918968473918,elp,1.6828649211853093,7.0
58788.311396192126,2458788.816634657,18.41711001180258,0.0172065576711885,gp,63.17358906536897,elp,,
58788.313256828704,2458788.818495307,18.53863602873182,0.02759412174999,rp,39.39244779492287,elp,2.792267476226573,1.0
58789.22520592303,2458789.730450975,18.404773109041255,0.0167646308799519,gp,64.77923717954928,elp,2.91550732015347,4.0
58789.22707985822,2458789.7323249225,18.483847053443974,0.024482545765520274,rp,44.35813213221708,elp,2.6705804338568453,4.0
58790.15884345776,2458790.664094082,18.42227740475819,0.0970243250970935,gp,11.193069355681947,elp,2.7039827372406946,4.0
58790.160710332755,2458790.6659609675,18.536035679007156,0.11159629384716725,rp,9.731505971760074,elp,2.188833224771505,4.0
58791.27278118441,2458791.778036972,18.408648144778166,0.0170903637415238,gp,63.54458081903708,elp,1.8433704883724353,3.0
58791.274648294755,2458791.7799040894,18.471386778526032,0.026763925420461233,rp,40.577007406011695,elp,1.6091138533232303,3.0
58792.30889568287,2458792.814154744,18.388903840814567,0.0103121921347914,gp,105.40920866643138,elp,,
58792.31075836805,2458792.8160174326,18.44376895571064,0.0136180509746746,rp,79.82052697376285,elp,1.5389248490219505,1.0
58793.18503017747,2458793.6902908515,18.490506553216264,0.08604623485668743,gp,12.621121677302504,elp,2.8096123407439513,3.0
58793.187567922454,2458793.6928285845,18.410451356721097,0.11700722348300845,rp,9.28147825127828,elp,2.5405174411312137,2.0
58801.18388174768,2458801.6891095685,18.42130587165367,0.0887453028355638,gp,12.24853584586524,elp,,
58801.18575122685,2458801.6909790304,18.765127773961183,0.1201373835378581,rp,9.04797464625227,elp,2.3391533380106955,1.0
58802.13055298611,2458802.635771195,18.400713231031034,0.02877776200382385,gp,37.73747242248017,elp,2.8399611419553796,2.0
58802.13241579861,2458802.637633988,18.53559951887695,0.034645795819586,rp,31.345794614019553,elp,2.371481651381175,2.0
58803.18599924768,2458803.6912053437,18.455872558852455,0.033292573821825266,gp,32.61988711993371,elp,3.0781267184711,3.0
58803.18787772377,2458803.693083797,18.50253575178248,0.038749641150587065,rp,28.026065990640713,elp,2.673155697056679,3.0
58804.20049774884,2458804.7056908016,18.38378793527226,0.027237444231182798,gp,39.87158232550661,elp,2.682021748524876,2.0
58804.202364293975,2458804.7075573215,18.484655718507142,0.0377598807013562,rp,28.760684086615637,elp,2.3802585584640017,2.0
58805.25689527199,2458805.762073295,18.43077431423963,0.016961231613048702,gp,64.02836921137926,elp,2.1243896008296206,2.0
58805.25876076968,2458805.7639387646,18.462542642458853,0.0196841377421824,rp,55.17132699558087,elp,1.7320804445452422,2.0
58806.21485748843,2458806.720020574,18.40947414868016,0.016795788397440267,gp,64.65906656489611,elp,2.723480764741405,3.0
58806.216720447526,2458806.721883503,18.486433790560945,0.020635736592906965,rp,52.62714975598624,elp,2.4421024665462308,3.0
58807.089706620376,2458807.5948550086,18.412203345433504,0.03529071667500905,gp,30.772965309855714,elp,3.0796023575887954,2.0
58807.09157034722,2458807.5967187034,18.509696960307693,0.039300834410932246,rp,27.63300108706876,elp,2.7443722831202435,2.0
58808.1977086497,2458808.7028369564,18.40286347399417,0.013552072382639967,gp,80.13534530638667,elp,2.5518664497864303,3.0
58808.199574803235,2458808.7047030744,18.503507281781534,0.049463973943892736,rp,21.95537304042445,elp,2.254836926036089,3.0
58809.136765034724,2458809.6418750472,18.399923511334592,0.01454529389478945,gp,74.66332463650232,elp,2.497374616736349,2.0
58809.13862979745,2458809.643739773,18.50041748177783,0.020332238980844,rp,53.41271077047511,elp,2.3050404955190666,2.0
58810.25434832175,2458810.7594350427,18.371665465109356,0.0138804468254271,gp,78.23955623752653,elp,2.421359454354537,2.0
58810.25621384838,2458810.7613005284,18.483276062329153,0.01869088144691795,rp,58.10319877552254,elp,2.1774674357992314,2.0
58811.184093171294,2458811.689159276,18.402169770537355,0.0128322700066999,gp,84.70831750880538,elp,,
58811.18595853009,2458811.691024592,18.47782995832329,0.0178122941202057,rp,61.02526675633509,elp,1.3784008490147517,1.0
58812.19764323303,2458812.702685513,18.396669673247604,0.016223420536226964,gp,66.94026069132325,elp,3.36538405406872,3.0
58812.199509108796,2458812.7045513443,18.508754086699035,0.024159857594001567,rp,44.95059607758753,elp,3.1346099629856794,3.0
58813.22012159722,2458813.725138546,18.418991952948048,0.0275814386485617,gp,39.41056215726979,elp,,
58813.22199232639,2458813.727009227,18.155564624956025,0.1688315852098437,rp,6.438368767179671,elp,5.657842594744437,1.0
58814.130143165516,2458814.6351363882,18.40361062194003,0.0354789241153647,gp,30.6097218863999,elp,3.5269423667153808,2.0
58814.13200614005,2458814.6369993133,18.534454484918996,0.049068872889606346,rp,22.132157028412895,elp,3.3053235019916847,2.0
58819.09082177663,2458819.5956670633,18.39676072534843,0.01552222941946035,gp,69.96417657881494,elp,3.2918696592430914,2.0
58819.09259303819,2458819.5974382674,18.465380205654156,0.019850417397861697,rp,54.709177053223314,elp,3.2320502915413734,2.0
58823.27387040895,2458823.778567074,18.394264103079916,0.0315994388721818,gp,34.36769888202185,elp,2.7574067921710768,3.0
58823.27563381559,2458823.780330412,18.466173055083516,0.04143652686017757,rp,26.20876029655122,elp,2.5335492369667896,3.0
58824.163711035886,2458824.6683733845,18.404631250925203,0.027826416826844433,gp,39.02766233819673,elp,2.5259198221007977,6.0
58824.165477424765,2458824.6701397044,18.47174851538767,0.030983864718669252,rp,35.05050160335981,elp,2.240035238722535,6.0
58825.118442231484,2458825.6230666945,18.452025684485058,0.0473712783263329,gp,22.925283808444554,elp,2.0605811536627088,5.0
58825.12021119676,2458825.624835589,18.46411761009506,0.046783747843693754,rp,23.213189409885814,elp,1.6819070545971417,5.0
58826.26635207176,2458826.770929541,18.411293439671137,0.0781611857731402,gp,13.907158579703292,elp,,
58826.26811295139,2458826.7726903465,18.381916665679903,0.0708630925490868,rp,15.33943779885387,elp,2.649032565097017,1.0
58830.1592723206,2458830.6636792566,18.33765055795521,0.0538029564357493,gp,20.18476440596504,elp,3.7007121741170046,2.0
58830.18426797454,2458830.6886737584,18.515681712645716,0.06686619931550032,rp,16.241389687423933,elp,3.7124825873852063,3.0
58831.16911751158,2458831.673477433,18.44234298992193,0.03366603021615637,gp,32.25803556365928,elp,2.402234237319592,7.0
58831.17089045635,2458831.675250294,18.48177947332841,0.0334805432463139,rp,32.43674966712391,elp,2.1034313752438933,7.0
58832.186133023155,2458832.690444462,18.44083807109031,0.031335000228711364,gp,34.65773071879315,elp,2.7183756241316495,5.0
58832.18790049768,2458832.6922118505,18.508456031319582,0.032605499685266735,rp,33.3072644333902,elp,2.405731802051012,5.0
58833.19900194445,2458833.7032639766,18.435413786180305,0.0183932362858359,gp,59.04344309632434,elp,2.427042404228499,4.0
58833.20077936921,2458833.705041313,18.46978378831523,0.020015149208530276,rp,54.25890102968389,elp,2.138199579956707,4.0
58834.224668333336,2458834.728879222,18.47300721622468,0.0382723698973104,gp,28.40169048568736,elp,,
58834.2264340162,2458834.730644816,18.52070044762325,0.0441947314529302,rp,24.59569197244794,elp,4.246380203564653,1.0
58835.24687905671,2458835.7510378566,18.394816946143642,0.017780454339625648,gp,61.07830425793635,elp,2.4928388348985004,2.0
58835.248649438654,2458835.752808147,18.49029850631873,0.0211621765854196,rp,51.317972686620365,elp,2.219663874221567,2.0
58837.254960677084,2458837.759014014,18.497808539339665,0.07982511841012695,gp,13.604740232520916,elp,3.0165687149730593,2.0
58837.25673076967,2458837.760784011,18.508495078449783,0.1550058697589885,rp,7.006186292742149,elp,2.916821689131864,2.0
58838.16379377315,2458838.667798073,18.42754403730326,0.0151848969191419,gp,71.584285887965,elp,,
58838.16556792824,2458838.669572131,18.494274938780087,0.020191239192121,rp,53.83522972261375,elp,2.322119835288587,1.0
58854.204795949074,2458854.707810939,18.475270794720082,0.04163458320363333,gp,26.084084826510956,elp,3.3864584204855412,3.0
58854.20656918595,2458854.709584055,18.52443197623198,0.0425439505673696,rp,25.52654338670987,elp,3.160695510165531,3.0
58855.16068253087,2458855.6636322113,18.46952215622892,0.03958554905571778,gp,27.43425380993009,elp,2.0426552169544085,6.0
58855.16245120949,2458855.6654007672,18.573352504486785,0.04661407585101147,rp,23.297683804160094,elp,1.9284248872680056,6.0
58856.151334652786,2458856.654215995,18.580088629851257,0.06821210240335257,rp,15.920928423789853,elp,0.9692096717956181,3.0
58856.17036886864,2458856.6732488824,18.55347209546401,0.0673725255503078,gp,16.119330411460854,elp,1.2948156641191715,4.0
58858.08336770061,2458858.586114015,18.436379406631715,0.05477020272213806,gp,19.828299805818318,elp,2.9999520248308875,3.0
58858.11627506019,2458858.619019043,18.511823642222552,0.06195585043638383,rp,17.52861097621609,elp,2.7730377680833223,5.0
58859.13901269676,2458859.64168425,18.40484587987408,0.0532281761564672,gp,20.42151513823821,elp,,
58859.14078116898,2458859.6434525955,18.614534956878973,0.0687580152599913,rp,15.809065990160065,elp,3.1462106047600864,1.0
58860.12506899305,2458860.6276701447,18.454961592371024,0.03823099959921572,gp,28.406267463178718,elp,3.0238342189740917,5.0
58860.126831127316,2458860.629432152,18.51374141192335,0.03719784465555178,rp,29.19523994081508,elp,2.5488970940459366,5.0
58862.13644775232,2458862.638903645,18.434144417395828,0.02113601848029502,gp,51.381484219105474,elp,2.3172188895249093,5.0
58862.13821916666,2458862.640674929,18.49168474709055,0.02204975968343604,rp,49.252237466144,elp,2.069406657416839,5.0
58863.13900836516,2458863.6413910687,18.404447269511746,0.03863493458165122,gp,28.109274980260246,elp,1.924176022833726,4.0
58863.14077564815,2458863.6431582216,18.456753625319976,0.06921425758624926,rp,15.690408853215162,elp,1.7838645858577353,4.0
58864.149760266206,2458864.652068682,18.463949031602112,0.049418952732878,gp,21.99561332598339,elp,,
58864.164900839125,2458864.6672081295,18.529418335200454,0.138599194940551,rp,7.835543348327638,elp,2.5889133480869644,2.0
58866.11101483796,2458866.6131777707,18.40329910510282,0.0141168941078241,gp,76.99994025240584,elp,,
58866.112783530094,2458866.61494633,18.489929732763308,0.0186637124351174,rp,58.241360289730814,elp,2.040476222022943,1.0
58869.135360092594,2458869.6372954897,18.38848638588257,0.0236412973462207,gp,45.97886433829206,elp,,
58869.13712827546,2458869.639063538,18.48187344709064,0.04106746961728,rp,26.468638326669247,elp,3.2202843896092266,1.0
58873.05578863426,2458873.557424393,18.41580899255285,0.0314122982885029,gp,34.60428113781633,elp,,
58873.057548171295,2458873.5591837945,18.49626244663349,0.0249686835954907,rp,43.53453381230448,elp,1.9127737537489016,1.0
58874.17547430556,2458874.677023631,18.41802611662521,0.0159159314971341,gp,68.2963483824624,elp,,
58874.1772653125,2458874.6788144982,18.481565924017115,0.0199246984974777,rp,54.55540521108196,elp,2.1664365359105417,1.0
58877.11894390047,2458877.620264909,18.41817718661737,0.01729044419764485,gp,62.809259703572295,elp,2.564016197071135,4.0
58877.120708518516,2458877.6220293893,18.49776540291514,0.022126143131268573,rp,49.082209834630845,elp,2.4156703704190288,4.0
58879.10367414641,2458879.6048404,18.4827150881244,0.024707008856146802,rp,43.95513865409963,elp,2.2980145822731104,4.0
58879.116152303235,2458879.6173175764,18.395161489422605,0.018492180704390637,gp,58.727524750077144,elp,2.45389307655415,3.0
58880.107720844906,2458880.6088086353,18.439758896884236,0.03128967661731267,gp,34.707933011973445,elp,3.232042622055768,3.0
58880.109487638896,2458880.61057529,18.5144584506141,0.033833010742680365,rp,32.09882822015631,elp,2.9436151373177104,3.0
58881.11198533565,2458881.6129945666,18.40982264067753,0.086112793746168,gp,12.611366473617945,elp,2.790883462564936,3.0
58881.11374950616,2458881.6147585977,18.419091560933715,0.10231145664701863,rp,10.614647035539457,elp,2.3551797181176095,3.0
58887.072560266206,2458887.5731029417,18.41247540232832,0.0344466315522083,gp,31.556060862288746,elp,,
58887.07432961806,2458887.5748721543,18.45479342627801,0.0337027818866853,rp,32.252530485569736,elp,2.2655562566965863,1.0
58888.06965739004,2458888.57012218,18.447022043222177,0.0597764650092791,gp,18.167685222460385,elp,2.528763870771308,2.0
58888.08673214507,2458888.587195593,18.455348797962912,0.062483285517514066,rp,17.380648136621982,elp,1.9941327607759158,3.0
59037.426458761576,2459037.9250172195,18.444246042458268,0.04334591783124621,gp,25.05426241585198,elp,2.111247584948295,5.0
59037.435025016195,2459037.933584045,18.51699729565268,0.041091644517270196,rp,26.428730530450558,elp,2.1016559735467872,5.0
59038.42301655093,2459038.921641114,18.460377559842847,0.04580120953156434,gp,23.711164205206696,elp,2.387016452872355,7.0
59038.43846841203,2459038.937094014,18.460592282552717,0.039188158996384156,rp,27.712452633975584,elp,2.3153421389577544,5.0
59054.402362631175,2459054.902117937,18.415551493434823,0.015324201392533899,gp,70.868293373455,elp,1.7860223613842978,3.0
59054.407519891975,2459054.907275582,18.50480396374067,0.01842713545563107,rp,58.93482481934728,elp,1.5755478061161294,3.0
59060.33979367669,2459060.839992828,18.4366581833694,0.022700151246604235,gp,47.84109093380852,elp,2.2429519684958903,3.0
59060.344955339504,2459060.845154884,18.515985835948744,0.0249263078993894,rp,43.568425953151404,elp,2.0610432023921286,3.0
59072.36650299479,2459072.8676147223,18.43338850256613,0.023954537284611135,gp,45.33587883985836,elp,2.01919081261313,12.0
59072.37167005786,2459072.8727821796,18.49847614233945,0.025503659993026354,rp,42.58212351862253,elp,2.0473142870075933,12.0
59084.36704144161,2459084.8690516893,18.402491658206273,0.017190770922405813,gp,63.173432122497076,elp,2.280549492508474,18.0
59084.3722074865,2459084.8742181147,18.483276378252334,0.021115690761558625,rp,51.4309483058483,elp,2.153858986592505,18.0
59085.36253102237,2459085.8646140713,18.39441267359387,0.019600453452963858,gp,55.406881407418766,elp,2.213413248104955,9.0
59085.36767671167,2459085.8697601384,18.488599695743893,0.02372258212902411,rp,45.77916493632034,elp,2.1290623370206823,9.0
59086.47049044754,2459086.972654095,18.405170997681424,0.014914886940965233,gp,72.81315670031611,elp,2.32075684589783,3.0
59086.475636304014,2459086.977800323,18.46970685115635,0.019666330131388934,rp,55.221283927633394,elp,2.2373735087794846,3.0
59087.38658317323,2459087.888813078,18.3975194497286,0.011557739309867482,gp,93.96301221925137,elp,1.7952533935867467,6.0
59087.39176320988,2459087.8939934894,18.458667674770542,0.014164231179593019,rp,76.67200473010101,elp,2.554485890981835,6.0
59089.39769005208,2459089.900064175,18.399720314050267,0.013857158508878774,gp,78.37104549999636,elp,2.1578809730508643,12.0
59089.40286533855,2459089.9052398307,18.452933802581917,0.015515144507839883,rp,69.99612536326933,elp,2.9001741534133387,12.0
59090.41233311439,2459090.914779316,18.422068647464236,0.01582519753343715,gp,68.62473581801329,elp,2.199835544148769,12.0
59090.417501404336,2459090.919947972,18.473621096642127,0.02274772114688406,rp,47.74104592664916,elp,3.033330281731327,12.0
59091.328637708335,2459091.831148564,18.445675986454113,0.026978882908543212,gp,40.25370522869589,elp,2.040888949602414,6.0
59091.33380552663,2459091.836316748,18.495727260286106,0.02468890409584242,rp,43.987371646151,elp,2.6995246480092834,6.0
59092.324173094916,2459092.82675374,18.383908130100956,0.0431435114253749,gp,25.171803687756118,elp,1.9831199847597343,5.0
59092.32434433064,2459092.8269249876,18.495329525407833,0.035209117479430264,rp,30.8442834624997,elp,2.3262708453656455,6.0
59094.39322979938,2459094.89595387,18.396814612354042,0.0433171236134988,gp,25.070916750842912,elp,1.9590924932481695,3.0
59094.39837610725,2459094.9011005317,18.48692563625933,0.04250422891310449,rp,25.55039881373251,elp,2.591800377386067,3.0
59095.36886164159,2459095.8716525207,18.41404608969621,0.03860856476206147,gp,28.128473738737707,elp,2.333020747982714,6.0
59095.37402546104,2459095.876816693,18.44473859932622,0.03639715776257708,rp,29.837494649557673,elp,2.617439653795268,6.0
59096.24314633102,2459096.7459965674,18.45133764694758,0.03828830789869687,gp,28.363750178601176,elp,2.534986676048355,3.0
59096.24831309799,2459096.751163688,18.458479050787986,0.03488418955344883,rp,31.131581782516502,elp,2.8272758874875343,3.0
59097.26994093558,2459097.772860394,18.44320985644069,0.03426697172341335,gp,31.692324865052974,elp,2.0424581134070903,6.0
59097.2750811169,2459097.7780009233,18.49021304730422,0.03354626036101258,rp,32.373206083565364,elp,2.791570196043496,6.0
59099.419431809416,2459099.922494086,18.413610745915708,0.027856979813751886,gp,38.98484355665452,elp,2.3177260100998924,6.0
59099.424571811345,2459099.927634425,18.48667658370208,0.03139817307288642,rp,34.58799967370727,elp,3.036216843910299,6.0
59100.41834173226,2459100.9214693545,18.65148732451425,0.1622555611404259,rp,6.69314501374846,elp,1.9246789340070762,3.0
59108.464320713734,2459108.9679487455,18.41947557434302,0.020138456656419567,gp,53.926674646828715,elp,1.9673201691715436,3.0
59108.46945854552,2459108.973086878,18.472400422644384,0.022690744993613867,rp,47.86092304618673,elp,1.7037033607501175,3.0
59109.224311562495,2459109.7279842338,18.508033055809612,0.04183544950295935,rp,25.95884621541305,elp,2.3209973777890274,4.0
59109.23515501929,2459109.73882833,18.39600725300276,0.022649396730688765,gp,47.948296941989895,elp,2.50538676114881,6.0
59111.212130698295,2459111.7159178816,18.412407572001463,0.017862817500042066,gp,60.79668003087657,elp,1.8626844127195537,3.0
59111.21726851852,2459111.7210559966,18.492553961161363,0.02176668274382493,rp,49.89276559874937,elp,1.7116511110110013,3.0
59115.330585115735,2459115.8345984067,18.40095582860586,0.014084923370179034,gp,77.10372086931673,elp,1.8259898958295824,9.0
59115.335724368575,2459115.8397379327,18.47661337613593,0.016757647877870003,rp,64.80623103640707,elp,2.648147934858457,9.0
59121.44525085262,2459121.949569855,18.4228205861097,0.019698562575571166,gp,55.13092622031134,elp,2.758270800019734,3.0
59121.450387299374,2459121.95470654,18.49453854465122,0.02520398164758117,rp,43.088430041934416,elp,2.608467636922114,3.0
59128.3934555517,2459128.898074946,18.440256941723003,0.034088954011598706,gp,31.857827014301773,elp,1.8280922897677645,3.0
59128.39862543982,2459128.9032450356,18.49178583240698,0.04107730904475563,rp,26.43795383034348,elp,1.280939877656027,3.0
59129.327162729554,2459129.8318184335,18.424627562746803,0.032425427389193386,gp,33.49223394853194,elp,1.849939135524541,6.0
59129.33233145255,2459129.836987355,18.487736072716768,0.03834050724424055,rp,28.325133861215082,elp,2.0121487265388427,6.0
59130.365771219134,2459130.8704661834,18.418961103272405,0.0198367711420364,gp,54.74681298805939,elp,1.7763013344904728,3.0
59130.370949027776,2459130.875644183,18.475522896991357,0.021468802715981533,rp,50.58502862814859,elp,2.879560234248913,3.0
59131.35907255209,2459131.863803881,18.413329649315973,0.0184229805531781,gp,58.94811628689784,elp,2.1204849034152327,6.0
59131.364243520446,2459131.8689750344,18.4547848750248,0.020891585100146385,rp,51.98265209624475,elp,2.7387297525724965,6.0
59134.27745999999,2459134.782291504,18.392978530717702,0.02278935389602282,gp,47.65383015924501,elp,2.6550354395330182,6.0
59134.2826706906,2459134.7875023647,18.476231744734356,0.020897481280364155,rp,51.96798530071829,elp,2.4698413731093045,6.0
59135.456534826386,2459135.9614038663,18.282801627167515,0.09036462000955466,gp,12.017977831203988,elp,2.6649985836095187,2.0
59137.44674779707,2459137.951676452,18.413577024735268,0.017206657018424432,gp,63.1151070679877,elp,3.272806949035893,3.0
59137.45189473766,2459137.956823537,18.50621004112013,0.023943336896148703,rp,45.357086387348275,elp,2.956254517694461,3.0
59138.268904710654,2459138.7738566212,18.4045802687902,0.018404191146121966,gp,59.00829823911258,elp,3.1185364325248695,3.0
59138.27404440972,2459138.7789964634,18.486231574076456,0.0300989553991596,rp,36.0809863863356,elp,2.936715769323284,3.0
59142.22470942516,2459142.7297610827,18.404952223242663,0.0362478028395736,gp,29.96043663133032,elp,1.9069557098179446,3.0
59142.22987747299,2459142.734929249,18.480139579128313,0.021416639264480366,rp,50.70823608637505,elp,2.4563976610558815,3.0
59144.2753233777,2459144.780418838,18.401580954372566,0.01727460211472655,gp,62.866860422457314,elp,2.443648720443592,6.0
59144.280479278554,2459144.7855748422,18.491081426811682,0.021727007005283818,rp,49.98387489523497,elp,2.466735832253413,6.0
59145.223289402005,2459145.7284033448,18.392365785711377,0.012258223731422399,gp,88.59358613403157,elp,1.7829789297647787,6.0
59145.228464872685,2459145.7335789134,18.455504224471856,0.014858334139410949,rp,73.09029328661026,elp,2.868069907449011,6.0
59147.224836230715,2459147.7299852744,18.406813549322678,0.026664517228477565,gp,40.728282859745825,elp,2.8471245488237034,3.0
59147.230010856474,2459147.7351599853,18.483962188433914,0.029163540146512498,rp,37.23827747057206,elp,2.7930957397226046,3.0
59155.158611842206,2459155.6638480905,18.459525961879955,0.05263983155771664,rp,20.630765104353756,elp,3.4859121991519983,6.0
59155.190407604176,2459155.695644038,18.392144761152338,0.040467661796046855,gp,26.83624286160481,elp,1.8987380098231346,9.0
59157.293161039095,2459157.7984064496,18.43507686226451,0.04649732984859731,gp,23.356179882504836,elp,1.9012899554703406,9.0
59157.29831796296,2459157.803563387,18.542947629001304,0.06266334699500563,rp,17.330705301881753,elp,2.1332653054699917,9.0
59158.29095814814,2459158.796205765,18.44711887150846,0.0266323086007772,rp,40.777538901314315,elp,2.7991877884746734,3.0
59158.3427701196,2459158.8480177843,18.38265416139953,0.0319735455311054,gp,33.96557941763096,elp,2.200454748685915,6.0
59159.312909151246,2459159.818157612,18.46224466389808,0.024877999015573696,rp,43.65302849799781,elp,2.880230729423136,3.0
59159.34764164159,2459159.8528900864,18.40364314715197,0.027742891794569947,gp,39.14516222899879,elp,2.77084501947037,6.0
59160.11119917824,2459160.616447303,18.473199744302246,0.0352948737512389,rp,30.769340829895445,elp,2.402607180890154,6.0
59160.11484345602,2459160.62009158,18.454771943542283,0.024960882161108477,gp,43.50807767892496,elp,2.3344966631127244,5.0
59161.10025734183,2459161.6055038837,18.465157372268138,0.012646062322415766,gp,85.87653392115678,elp,1.8982143541966308,6.0
59161.10544226466,2459161.6106887977,18.522703391722697,0.016711557342041248,rp,64.9849668569159,elp,2.4888043264163793,6.0
59162.319073892744,2459162.8243166846,18.638832785562126,0.06520589540740554,gp,16.654935772520062,elp,2.535671477594079,3.0
59162.3242487963,2459162.8294915655,18.84910426290481,0.08631500945560623,rp,12.58182101640798,elp,2.4683041968128787,3.0
59163.36030559414,2459163.865543551,18.746397391951763,0.019919895683953567,gp,54.51835778812965,elp,2.7818296277700987,3.0
59163.365474023914,2459163.87071195,18.7122953249889,0.026365190765758634,rp,41.19067484277129,elp,2.7383278570423877,3.0
59165.27364168016,2459165.7788669816,18.642092194355925,0.013487870992320516,gp,80.5167843478283,elp,1.9186035464425941,6.0
59165.278807459494,2459165.7840327187,18.712359247749674,0.016818815051018718,rp,64.57054178345464,elp,2.7479759640485693,6.0
59166.32847655093,2459166.8336927346,18.73318991684767,0.017293680153419835,gp,62.797506971657675,elp,2.217583721319634,6.0
59166.33363625773,2459166.8388523906,18.76964290808969,0.02391764229804452,rp,45.40581326817444,elp,2.775775617368288,6.0
59167.24685447724,2459167.752061533,18.715239568846723,0.015702883752647567,gp,69.15927145018165,elp,1.9980959099168274,6.0
59167.25200354166,2459167.757210542,18.813683373556927,0.02117737751980442,rp,51.28113709945469,elp,2.2648140344306573,6.0
59169.165644749235,2459169.670828964,18.54953341043876,0.01808625077959032,gp,60.045612174387834,elp,2.170180156402607,12.0
59169.17080224344,2459169.6759863906,18.592981750540858,0.021613585537015634,rp,50.24617494122417,elp,2.8320818823258627,12.0
59170.12987991769,2459170.635050787,18.50050730483131,0.014140395006772666,gp,76.80124915038448,elp,1.957970177148738,9.0
59170.13505869856,2459170.6402294952,18.55112557091396,0.018936430372129092,rp,57.34977388338144,elp,2.725213851821371,9.0
59171.22401287037,2459171.729167112,18.503974606394273,0.017349362708119865,gp,62.59595918711927,elp,3.2167722291816063,3.0
59171.22915295524,2459171.734307114,18.63121748223616,0.0275692385899164,rp,39.39172989700233,elp,3.328325706885084,3.0
59172.331549016206,2459172.836684724,18.448159539004287,0.014544503684356933,gp,74.66738113367367,elp,2.5643288912446067,3.0
59172.3367117747,2459172.8418473885,18.50228335586758,0.0208794193209066,rp,52.012940748432904,elp,2.425566237032208,3.0
59173.2008799807,2459173.706000066,18.470466746796003,0.01332376319972225,gp,81.50850354520253,elp,1.9991747350915803,6.0
59173.206104884266,2459173.711224872,18.528019061157103,0.016570504341429582,rp,65.53813798441743,elp,2.6171971980269055,6.0
59174.21752144097,2459174.7226219396,18.48846902075665,0.01900259463378612,gp,57.15009033919612,elp,3.4308225162156814,6.0
59174.222679108796,2459174.727779504,18.60467873671785,0.030180463116528444,rp,35.98354325468412,elp,4.190680002213128,6.0
59177.2113422698,2459177.7163771708,18.43232739855283,0.03113606133472109,gp,34.879170757187495,elp,3.4788843591841196,9.0
59177.216511374754,2459177.7215461526,18.52562507389329,0.04142060932257088,rp,26.21883206841716,elp,3.2245291499216204,9.0
59178.226275960646,2459178.7312860023,18.386329720485033,0.03143570258469645,gp,34.54670679219008,elp,2.330263439155947,6.0
59178.23143383681,2459178.7364437478,18.488190307395335,0.036535528689196316,rp,29.724491172373103,elp,2.8537820434537444,6.0
59179.2933271875,2459179.7983096167,18.6457800330042,0.0765467176268652,rp,14.200493159458826,elp,4.3916427144970696,1.0
59182.210828082556,2459182.715727678,18.394597659608458,0.06640962390356982,gp,16.35305150315153,elp,2.675467906182941,3.0
59182.2159710108,2459182.72087045,18.53883554754479,0.082959234921761,rp,13.090766820887495,elp,6.421640488356989,3.0
59184.219204409725,2459184.724040727,18.493111868960327,0.0857812849432157,gp,12.671764742410506,elp,,
59184.22605094907,2459184.73088704,18.492448525627154,0.09089145964213109,rp,11.948317303693123,elp,8.449689263470828,3.0
59186.22767742284,2459186.732445455,18.402120976133453,0.05852881345609084,gp,18.55496354483135,elp,3.432376011360011,3.0
59186.23284349536,2459186.7376113436,18.467199163460354,0.05494361038394136,rp,19.765719660778075,elp,2.572136857843226,3.0
59187.1086892284,2459187.613425757,18.421604881543047,0.021735099051545703,gp,49.9652657401977,elp,2.72846500020472,3.0
59187.11385103781,2459187.6185873803,18.504454234662646,0.038823511738003864,rp,27.972740006848166,elp,2.824026897104186,3.0
59188.19182898148,2459188.6965254806,18.430298625585728,0.025243312855219035,gp,43.02129463865003,elp,3.1521432357302026,3.0
59188.19700209106,2459188.701698394,18.474965557633368,0.031002266368730602,rp,35.0296970899959,elp,3.0698328762630385,3.0
59191.0379624267,2459191.542547016,18.431958756057334,0.03232334297928793,gp,33.59800997984287,elp,2.6207101999790114,3.0
59191.04312476466,2459191.5477091447,18.490662974100136,0.02013311100869687,rp,53.94099300057911,elp,2.608358066519911,3.0
59192.06111402393,2459192.5656560645,18.389517582263597,0.014396450838541132,gp,75.4352591607259,elp,2.15703734786452,3.0
59192.066285555564,2459192.5708273803,18.49848679674392,0.0194529902828207,rp,55.82689263763561,elp,2.92736292300587,3.0
59193.2898173341,2459193.794306617,18.416544555948203,0.011826211137836135,gp,91.82991808132961,elp,1.8453561127274323,3.0
59193.295033641974,2459193.7995226937,18.448669175797853,0.015759193171950233,rp,68.91215737700138,elp,2.9286506745362266,3.0
59195.146735952934,2459195.6511423285,18.416617045540615,0.014351150909105534,gp,75.67337329795296,elp,2.9080261170240767,3.0
59195.15189563271,2459195.656301772,18.462915711337146,0.019409062036527067,rp,55.95324482740032,elp,2.8482034669380476,3.0
59197.11921399691,2459197.623527999,18.424630350025936,0.014358556652838132,gp,75.63434307899881,elp,2.857367882012241,3.0
59197.12438043596,2459197.62869419,18.47999381651275,0.019320804882092268,rp,56.20883843232499,elp,2.7071332023742465,3.0
59199.25107282793,2459199.755282156,18.419028288412935,0.015297558245085002,gp,70.99172185527871,elp,3.293566055336218,3.0
59199.256236566354,2459199.7604456325,18.465322053294116,0.022137567193598398,rp,49.056881025031636,elp,3.0833533895015193,3.0
59200.24623548226,2459200.750394305,18.417381852865347,0.014217386051344634,gp,76.3853493235692,elp,2.7898982873769906,3.0
59200.251410725316,2459200.755569279,18.50842139212748,0.02435861944861323,rp,44.583807481003504,elp,2.8304388205196847,3.0
59203.04653424769,2459203.550545477,18.431264868351146,0.0160655903336047,gp,67.59788949232654,elp,2.0710643658935894,3.0
59203.05172378858,2459203.5557347387,18.480748201978393,0.01795874305549033,rp,60.47193818879151,elp,3.0524745563019557,3.0
59204.12942973765,2459204.633381775,18.475021716370346,0.0203386794814237,gp,53.395796958789596,elp,2.9285870261945632,3.0
59204.13460450617,2459204.638556257,18.47779806152718,0.02027016655437773,rp,53.57627413108047,elp,3.051920417247926,3.0
59205.20841880401,2459205.7123106895,18.384915225497256,0.021622628297155767,gp,50.22516157958707,elp,3.3167457579162227,3.0
59205.213585570986,2459205.7174771633,18.485339476951644,0.02696577056856897,rp,40.27327894222429,elp,3.3795045732737123,3.0
59206.16064991127,2459206.664487825,18.425520098518035,0.029619733653447933,gp,36.664745628919,elp,2.901708911724892,3.0
59206.165794988425,2459206.669632606,18.5510427223848,0.034094893526487466,rp,31.852277208500855,elp,2.557017014580637,3.0
59208.146939328704,2459208.650661903,18.41771841877552,0.03888102576913097,gp,27.931361853683764,elp,2.746561840860229,3.0
59208.152101184416,2459208.6558234524,18.472073620500996,0.05327795322715123,rp,20.38366592969188,elp,3.1424398554749966,3.0
59383.44290947531,2459383.940321028,18.43899665896863,0.047316087461659266,gp,22.95202452823255,elp,4.658003005950633,3.0
59383.44805662808,2459383.945468446,18.49061679338146,0.06532175359954652,rp,16.625395678409028,elp,4.3440924122794575,3.0
59384.44094232252,2459384.9384049284,18.432959237072588,0.024846836496169936,gp,43.70777745357658,elp,2.636990993125251,3.0
59384.44609507717,2459384.943557952,18.4901485211564,0.030709923568339098,rp,35.363161929833964,elp,2.2883061560442717,3.0
59385.443151338746,2459385.940666148,18.429171627488778,0.035344681602225834,gp,30.725980565393158,elp,3.2354198093775555,3.0
59385.448334039356,2459385.945849125,18.593342157753145,0.0549751556638364,rp,19.754377898276502,elp,3.258405198698251,3.0
59386.438220817894,2459386.935788365,18.522424843625437,0.05428841191379607,gp,20.004269082773074,elp,2.6075235372741337,3.0
59386.44337438272,2459386.940942209,18.476017957490313,0.041674594895425465,rp,26.059041550976374,elp,2.1289498915854166,3.0
59398.44340414738,2459398.941674057,18.399153130499606,0.0291734208537813,gp,37.22566528769761,elp,2.2337702603747607,3.0
59398.44869857639,2459398.9469688237,18.46617098355955,0.045136165744353605,rp,24.060528449646952,elp,1.9559882934452013,3.0
59400.44496373457,2459400.943361537,18.368644530848854,0.026618647018832865,gp,40.79846730119859,elp,1.7991228744466479,3.0
59400.45012115742,2459400.9485192965,18.438848321992523,0.031364552211001734,rp,34.62507587208799,elp,3.360697726655381,3.0
59401.38903084877,2459401.8874898925,18.42307391775541,0.017234140519033467,gp,63.0144566130592,elp,2.3442757815142206,3.0
59401.39417240355,2459401.8926317864,18.489149467957212,0.0200789395386263,rp,54.08652174637201,elp,2.5378084441586717,3.0
59403.389649444456,2459403.888240279,18.404658507845664,0.014929396067102835,gp,72.7423932702153,elp,1.7464464610156536,3.0
59403.39483202159,2459403.893423205,18.46763641550074,0.018723685393025134,rp,58.001401818284776,elp,2.958546431309207,3.0
59404.38749596837,2459404.8861534796,18.412343249672958,0.0167835427341715,gp,64.70624332423516,elp,1.8046731028563088,3.0
59404.39265901621,2459404.891316877,18.458196022822957,0.019219314523435265,rp,56.50565729988835,elp,2.9247038903927742,3.0
59405.38890491127,2459405.8876299444,18.40307710408311,0.01799947697765007,gp,60.33508647770628,elp,2.317601406927462,3.0
59405.394063252315,2459405.8927886374,18.463058642797954,0.0246977895853522,rp,43.971546370452785,elp,2.4177657116422275,3.0
59406.413534195606,2459406.9123289385,18.409463921219,0.021228754166266052,gp,51.157029352468015,elp,2.0265313439568957,2.0
59406.418686496916,2459406.917481595,18.483109109275595,0.023277301698321703,rp,46.65489213804798,elp,2.3312294170847534,3.0
59410.44140520834,2459410.940479462,18.417584355132153,0.027064848328180634,gp,40.125848363584886,elp,3.7516298089747937,3.0
59410.446547885804,2459410.9456225038,18.523421580865207,0.03315226789072131,rp,32.75793992675689,elp,3.5088081427634266,3.0
59413.43593966435,2459413.9352268227,18.412652757376286,0.0322413541721501,gp,33.68344872245102,elp,1.9088098599889571,3.0
59413.441090119595,2459413.9403776494,18.505323554941853,0.03833112806848857,rp,28.33206468798877,elp,1.80321605273985,3.0
59414.353651419755,2459414.8530045496,18.404319495563954,0.018804094053570797,gp,57.75338056202577,elp,2.036937721643459,3.0
59414.35880051698,2459414.8581540226,18.458665674067685,0.0210681132404484,rp,51.54709335409317,elp,2.8641389635402006,3.0
59416.36310437114,2459416.8626032197,18.395562792819273,0.0443809241821902,gp,24.469972629272224,elp,1.9449571800667236,3.0
59416.36826533565,2459416.867764564,18.497204841661333,0.03586147522980307,rp,30.283193679033815,elp,2.0294174509384764,3.0
59417.435877121905,2459417.9354544044,18.40925797306161,0.020352717530813264,gp,53.35896783099535,elp,1.8244646026716822,3.0
59417.44101638889,2459417.940594049,18.47842745224263,0.022128691314385666,rp,49.076557875521594,elp,2.666290499724784,3.0
59418.358074344134,2459418.857719282,18.4374459027972,0.12718752659154847,rp,8.538573153384712,elp,2.5670311796619614,3.0
59421.39340130787,2459421.893270936,18.306590666301673,0.07011132775709211,gp,15.48965102704314,elp,1.9609609705426576,2.0
59421.39769740356,2459421.8975673537,18.518937973275087,0.0751328911322708,rp,14.454388532555024,elp,2.5455654634936065,3.0
59422.4567946142,2459422.956743577,18.384194948124776,0.030731866232338933,gp,35.337912503901556,elp,1.8199219579572574,3.0
59422.46195790123,2459422.9619072513,18.503004014795536,0.03341139038837946,rp,32.50388527314065,elp,2.6621176517298184,3.0
59423.43248856096,2459423.9325105236,18.365018507889513,0.0598798693064052,gp,18.136312129255654,elp,2.2044271890269926,3.0
59423.437640625,2459423.937662976,18.386911654540384,0.08997923435349349,rp,12.069451444024603,elp,1.935721239693531,3.0
59424.45578922067,2459424.9558879877,18.445212657560447,0.04872618161057749,gp,22.28781250867092,elp,4.17785788645947,3.0
59424.460927314816,2459424.9610264692,18.58825551580437,0.061282600572407274,rp,17.721180071607076,elp,4.0414405820218215,3.0
59427.44024544642,2459427.9405693086,18.396137369320726,0.023504435560380114,gp,46.20404507099073,elp,1.8030236003181308,7.0
59428.18520348766,2459428.685583616,18.39903751804579,0.0196611838003152,gp,55.23573814424083,tfn,3.233258808506006,3.0
59428.190352797064,2459428.690733315,18.50380160848143,0.027955629379549134,rp,38.84727420211331,tfn,3.3535087638042307,3.0
59429.20521434414,2459429.705671802,18.429389831070402,0.017443522610548632,gp,62.25806703419312,tfn,2.5863935550030095,3.0
59429.21036442901,2459429.7108222763,18.507791973576346,0.0216807604943948,rp,50.090493840415206,tfn,2.4298251500211534,3.0
59430.21276702161,2459430.71330097,18.43495997042409,0.0190230600962067,gp,57.08860690696942,tfn,3.3557837297964803,3.0
59430.217931581785,2459430.71846592,18.50037385801715,0.0251164437342309,rp,43.23860541291137,tfn,2.940231237352606,3.0
59431.19215387345,2459431.692762259,18.41175566435666,0.012985151388439233,gp,83.63398835433472,tfn,2.03606639526658,3.0
59431.197301608794,2459431.697910384,18.477411007828515,0.016757120541498634,rp,64.80827044900377,tfn,2.925651697370419,3.0
59432.43058634491,2459432.9312890638,18.387597481658474,0.02780626214506988,gp,39.05595057452015,elp,1.6690684827907465,5.0
59433.20181401621,2459433.7025752724,18.405875184236944,0.012608859740296866,gp,86.12991359791516,tfn,2.142988199312382,3.0
59433.20696491899,2459433.7077265657,18.47299071888385,0.0157384018657328,rp,69.00319417847287,tfn,2.4913338055116414,3.0
59436.202142943665,2459436.7031324566,18.428475900060135,0.0149926832980398,gp,72.4353325159605,tfn,2.506286108772961,3.0
59436.207301489194,2459436.7082913923,18.477435913106714,0.0198381350192543,rp,54.74304912966672,tfn,2.9827914536997717,3.0
59445.16324863812,2459445.6649143295,18.418566318179412,0.0164712081047875,gp,65.93323289287716,tfn,2.6250149182625204,3.0
59445.16671158565,2459445.668377534,18.459359245058987,0.0229737368897509,rp,47.31489728935412,tfn,2.382541869359885,1.0
59447.17913837192,2459447.6809538854,18.47927876885128,0.033103187660904594,gp,32.80650827722503,tfn,2.3256724749792377,3.0
59447.18431617284,2459447.686132068,18.502736027121898,0.034554564963769435,rp,31.42855368425776,tfn,2.5777187495122003,3.0
59449.15862486883,2459449.660586351,18.46292420057945,0.04357162821430716,gp,24.924475960790502,tfn,2.6229899069475273,3.0
59449.1637835841,2459449.6657454437,18.53849938220995,0.04024483279476516,rp,26.984830712012833,tfn,2.7892190674251798,3.0
59450.12994446373,2459450.6319771097,18.412399563862312,0.03245206128646217,gp,33.464746365835325,tfn,2.4495376874605213,3.0
59450.13511339892,2459450.637146421,18.488054711698187,0.030420219110859566,rp,35.69994009715447,tfn,2.264796096057927,3.0
59451.19150003473,2459451.6936100405,18.44852356641516,0.03663071275715953,gp,29.64725276299025,tfn,3.326950425612077,3.0
59451.196652754625,2459451.6987631326,18.507634898883587,0.04136687308885676,rp,26.252890753121545,tfn,2.9925746872738856,3.0
59452.18187430556,2459452.684056132,18.43997267230809,0.0514939768012091,gp,21.10926659265693,tfn,,
59454.1443903588,2459454.646713353,18.42782203311541,0.030384435473494703,gp,35.74198378467001,tfn,2.2724868651444567,3.0
59454.14953482639,2459454.651858187,18.5069097991042,0.0378321034333289,rp,28.70577899306725,tfn,2.490999551457674,3.0
59458.46569774692,2459458.9683255865,18.398581632546318,0.015267080921505,gp,71.13344100182736,elp,1.8668538621964765,3.0
59458.47085938271,2459458.973487579,18.437116726536356,0.018010839101034303,rp,60.297024136850716,elp,2.8253631834873087,3.0
59460.448476429396,2459460.9512409046,18.39435348072536,0.01675090079842335,gp,64.83233427674635,elp,2.0517699297120453,2.0
59460.45276569445,2459460.9555304614,18.486192333253378,0.0206919128158441,rp,52.48427294592281,elp,2.1240812626297623,3.0
59461.402346118826,2459461.9051755457,18.413138622964425,0.013150592945780934,gp,82.58182763906613,elp,1.80047740550826,3.0
59461.40748841435,2459461.9103181898,18.461381330952666,0.0161374404490983,rp,67.29691758897748,elp,2.1808260081232476,3.0
59462.33131533565,2459462.834207475,18.35174103143354,0.015476532517133214,gp,70.17075684089762,elp,2.121283306851022,6.0
59462.33646857253,2459462.839361061,18.44686620055402,0.01939233169648785,rp,56.001517352175135,elp,2.630612945720741,6.0
59464.30948222801,2459464.8125061216,18.39315272827046,0.014736489548359334,gp,73.69462017641158,tfn,2.0496081160860604,6.0
59464.314609978785,2459464.8176342086,18.489129029443117,0.020516946659592986,rp,52.931852776067224,tfn,2.562587985324094,6.0
59465.22130889918,2459465.7243926846,18.404056443205793,0.014859387260370853,gp,73.08511319953958,tfn,2.0328425603951628,9.0
59465.22647570601,2459465.7295598285,18.474529813834586,0.021023980938591244,rp,51.65529797482635,tfn,2.5883530489087807,9.0
59466.28361518326,2459466.786768108,18.387117391168346,0.015368031185393217,gp,70.6661762264125,tfn,2.145774566021769,6.0
59466.28876026813,2459466.791913524,18.471371770609856,0.020000184525425416,rp,54.29949901809219,tfn,2.840615332356585,6.0
59467.42578333719,2459467.9290097826,18.439868410678777,0.013926920294378335,gp,77.97847456902363,elp,2.0743589379184195,3.0
59467.430914448305,2459467.9341412205,18.50527115585793,0.0175169858192082,rp,61.99696746966307,elp,2.856621162748853,3.0
59468.16170283951,2459468.6649759295,18.43140727128091,0.0162355029580678,gp,66.89044391201575,tfn,1.9000829658466236,3.0
59468.166845679014,2459468.670119092,18.550749104060458,0.028458745577720563,rp,38.16050138380641,tfn,2.5043583718467954,3.0
59470.53996985597,2459471.0433915392,18.59163381083615,0.02508584399110035,gp,43.29134791658905,tfn,3.001186881524015,9.0
59470.54516099922,2459471.048583001,18.722814127180236,0.03506937943600188,rp,30.96718611693263,tfn,2.6304100844378175,9.0
59471.40244955247,2459471.905924213,18.578458689671887,0.01573521016714467,gp,69.01719064849752,elp,2.1402146007664804,3.0
59471.4076011034,2459471.911076077,18.563434296096126,0.018479998491044834,rp,58.766238564698014,elp,3.0415856324379917,3.0
59472.52658467592,2459473.030127128,18.474578335819093,0.028631139096835283,gp,37.93072976687959,tfn,2.81420019057642,9.0
59472.53173610339,2459473.0352788633,18.591346097813798,0.032284542124856916,rp,33.63838941249389,tfn,2.848400123788605,9.0
59473.31816997492,2459473.821759812,18.466571885951232,0.023253236532586447,gp,46.70317607091424,elp,1.94517900363802,6.0
59473.323319743446,2459473.8269098867,18.53732046239045,0.026024331199627427,rp,41.73017902629319,elp,2.363043680143558,6.0
59474.544219339,2459475.0478812624,18.509238009194515,0.035573326374460965,gp,30.528491729119498,elp,2.5791694126656943,9.0
59474.54937784336,2459475.053040069,18.555382062688917,0.036598984039838175,rp,29.67295482349684,elp,2.6027570815704117,9.0
59475.326632598386,2459475.8303399957,18.51626782469595,0.04067535200791385,gp,26.699215775408817,elp,2.57900466934923,6.0
59475.331783269685,2459475.835490965,18.572572187360784,0.037458319205726905,rp,28.99222450520322,elp,2.3541641070613912,6.0
59476.3833036214,2459476.8870712765,18.47798419845202,0.03383036212798943,gp,32.10134127123345,tfn,2.1841197882120587,9.0
59476.388456511064,2459476.8922244585,18.52490126920854,0.03470785390300178,rp,31.289747935295853,tfn,2.408607578817731,9.0
59477.30867756945,2459477.812497598,18.453191901184262,0.04722379503611582,gp,22.99688110981866,elp,1.8526795761264572,6.0
59477.36028759838,2459477.8641105257,18.477470199993498,0.038304300319901854,rp,28.351908034611576,elp,1.9700826393962925,4.0
59478.15246909722,2459478.656335874,18.371476099176714,0.036218410194453765,gp,29.98475068809902,tfn,2.240135626268337,3.0
59478.15768294752,2459478.661550008,18.527762315648754,0.037641349295906935,rp,28.851250561256848,tfn,2.4520153873731565,3.0
59479.53277098637,2459480.036713208,18.55612680474256,0.08705931928748073,rp,12.474253289459945,elp,2.977918928776643,9.0
59479.563630649805,2459480.06757451,18.429226545256547,0.0613777967348885,gp,17.693694752367897,elp,2.5051868150434764,7.0
59480.25694491126,2459480.7609260543,18.482682573020263,0.053132173649977334,gp,20.439592913219037,elp,1.9459132980386527,3.0
59480.262095354934,2459480.7660767743,18.51121301431871,0.047465007625971535,rp,22.880013178503546,elp,2.466879886544246,3.0
59481.54693701196,2459482.050985905,18.452482377070876,0.035497260236960065,gp,30.59391042436698,tfn,2.156147018962596,6.0
59481.55208306327,2459482.056132223,18.494744558352807,0.042688166772501535,rp,25.440305407998206,tfn,2.2996493758856755,6.0
59483.47692006945,2459483.9810677813,18.44294557607665,0.0513034519642361,rp,21.168166242635216,elp,2.440551516788941,5.0
59483.548021506555,2459484.052172772,18.45259271267986,0.03637457065740512,gp,29.856022500678307,elp,2.443718564238185,6.0
59484.33011923032,2459484.8343094564,18.417331847431246,0.0550309056989892,gp,19.73436537534485,tfn,1.9145048272800682,4.0
59484.33356643518,2459484.8377568293,18.51873512252972,0.10687987880315095,rp,10.160939665736068,tfn,0.8286298596306533,2.0
59485.30927123263,2459485.8135093413,18.402218128888386,0.038250172487212936,gp,28.392028829753663,tfn,2.0601350210494176,6.0
59485.31441027971,2459485.818648634,18.489271059409862,0.04031182318744685,rp,26.939987183169173,tfn,2.30871681888703,6.0
59486.5560773071,2459487.060374944,18.406557516890352,0.016567521211063935,gp,65.54993871230174,elp,2.354341633155175,6.0
59486.56122555168,2459487.065523434,18.48867347144361,0.02153530020142237,rp,50.42883033171145,elp,2.507321339979674,6.0
59491.420636504634,2459491.9251510804,18.414061926084106,0.016652175982711934,gp,65.21670207710216,elp,2.1629570364266804,3.0
59491.42239140046,2459491.9269060493,18.48228698743121,0.020521999580705202,rp,52.91881990978394,elp,2.3918069261422894,3.0
59492.42071067515,2459492.925266637,18.41783398622927,0.016662200926493568,gp,65.17746393714509,elp,2.1973592834054902,3.0
59492.422465173615,2459492.927021206,18.49692867951755,0.020975385319609033,rp,51.77497259059851,elp,2.0699358124674414,3.0
59493.420731130405,2459493.9253273564,18.44872838500028,0.0263655315515679,gp,41.19014243562323,elp,2.3985860899525964,3.0
59493.42248308255,2459493.9270793777,18.485083288681686,0.0347139331777974,rp,31.28426832066936,elp,2.0946488601436766,3.0
59494.90237499614,2459495.4070286658,18.426127266111116,0.0204172226370465,gp,53.19038829647096,tfn,3.153146974010001,3.0
59494.904123028544,2459495.408776765,18.524627080328166,0.035585254560904,rp,30.51825857087283,tfn,3.0388375090285815,3.0
59495.896717345684,2459496.4014082314,18.408010661833103,0.018920009383469934,gp,57.39954869942181,tfn,2.480014045980347,3.0
59495.898466091814,2459496.4031570423,18.497799758242415,0.030178886002635002,rp,35.98542371329341,tfn,2.2785287709300888,3.0
59496.899146057105,2459497.403873297,18.41741297207409,0.014017868029133566,gp,77.47255129973748,tfn,2.0577176684128493,3.0
59496.90093473765,2459497.405662042,18.47568836665818,0.0188343385003527,rp,57.66063936780488,tfn,2.7335017815059093,3.0
59498.888445412806,2459499.3932412756,18.465597587871432,0.0228908207953593,gp,47.44259761188498,tfn,2.715650127522599,3.0
59498.890193753854,2459499.394989676,18.507450032115514,0.029719661840631132,rp,36.54146557331547,tfn,2.5524757994132394,3.0
59500.88808937115,2459501.392949439,18.387682255925494,0.0161238678115632,gp,67.3535663211762,tfn,2.5853819258670856,3.0
59500.88984939043,2459501.394709513,18.47008686499067,0.019469571771076333,rp,55.779347012312996,tfn,2.83094628149697,3.0
59502.87758748457,2459503.382506602,18.398522961578934,0.030891525192935965,gp,35.15527295001731,tfn,2.6257702921724206,3.0
59502.87934392747,2459503.3842630954,18.5430226429561,0.0361160758296755,rp,30.0697120340983,tfn,2.3119179935071585,3.0
59503.874756331024,2459504.379703214,18.393643458644178,0.030856386404452468,gp,35.195307245805495,tfn,2.3351457423603175,3.0
59503.87651439814,2459504.38146133,18.511828063439488,0.03597679018725603,rp,30.186128177290566,tfn,3.1516912252980838,3.0
59504.87212479167,2459505.3770982125,18.447151029362214,0.041817397349390495,gp,25.970052390547185,tfn,2.7294143727479274,3.0
59504.8739044483,2459505.378877916,18.464293056315984,0.04074887228691897,rp,26.651044287883842,tfn,2.42083994969452,3.0
59505.90847905093,2459506.413478742,18.570458848945474,0.0762100566518296,rp,14.25008781926851,tfn,2.1460363788899954,3.0
59505.90848166088,2459506.4134813515,18.475326971518204,0.0565165982297312,gp,19.215593896603234,tfn,2.506315703450549,2.0
59507.86748194444,2459508.372527573,18.36554781125228,0.0580230457254381,gp,18.7339360031301,tfn,,
59508.86134539352,2459509.3664124697,18.412488701117038,0.052192354761823434,gp,20.80764519929966,tfn,2.4115356103254153,3.0
59508.86313187886,2459509.368198993,18.511749876401694,0.05526138863019483,rp,19.652057737228297,tfn,2.3244627458033267,3.0
59509.858546365744,2459510.3636336946,18.44333470751172,0.036878250769376265,gp,29.44825140409901,tfn,2.46167248743456,3.0
59509.86035226852,2459510.3654396334,18.495704789492056,0.0389839664220774,rp,27.857606592462496,tfn,2.371552106096708,3.0
59511.85696748071,2459512.3620915445,18.410621021610414,0.014680437311552335,gp,73.97599791835933,tfn,2.352707582711579,3.0
59511.858722839504,2459512.363846934,18.489273752108737,0.021810188752801603,rp,49.79324169583352,tfn,3.1447966170375174,3.0
59512.87508890818,2459513.3802297018,18.423182735049117,0.020612338113777467,gp,52.68689044422904,tfn,3.540235737385293,3.0
59512.87688520833,2459513.38202603,18.52290407180073,0.0310665000765331,rp,34.95726899794351,tfn,3.2930657742788445,3.0
59513.8652414429,2459514.3703972,18.421565076687752,0.016380647771618934,gp,66.29774445682183,tfn,2.4247948161806567,3.0
59513.86701419754,2459514.3721699803,18.509692931669242,0.022947748880604368,rp,47.324903442615955,tfn,2.391759793157734,3.0
59514.870485204476,2459515.3756548404,18.439699370410192,0.027073591869521404,gp,40.1128895358205,tfn,2.0825965954276846,3.0
59514.872238398915,2459515.377408059,18.513404491430865,0.043793997831623604,rp,24.79791875077001,tfn,2.336348273004018,3.0
59516.90330773534,2459517.408501361,18.403819404074476,0.014137887876541433,gp,76.81486863408833,tfn,2.2951907627811856,3.0
59516.90507452932,2459517.4102681736,18.48032230139833,0.020153087607634634,rp,53.88752439048538,tfn,2.3318537990921526,3.0
59517.874253371905,2459518.379456513,18.38899559771122,0.013959467205733532,gp,77.7966654453653,tfn,2.1832726223790044,3.0
59517.8760342554,2459518.3812374137,18.485979082343704,0.020030013682268265,rp,54.218634955870776,tfn,2.3119774127343784,3.0
59530.34276673225,2459530.8479791055,18.42179943590536,0.013278539611251769,gp,81.78610237226403,elp,2.0146729661993033,3.0
59530.347979949845,2459530.8531922796,18.453260389506713,0.01712524914807227,rp,63.41513578050615,elp,2.636671984209953,3.0
59532.08499861882,2459532.590195507,18.396742033225912,0.0418814442166608,gp,25.930337893361852,elp,3.2559044683249945,3.0
59532.090140435954,2459532.5953372754,18.487207737167942,0.043721785398140665,rp,24.838875862699417,elp,2.6812150589590793,3.0
59534.0643761034,2459534.5695504406,18.455523980033384,0.04620349010066107,gp,23.504717882436804,elp,2.2763728151743137,3.0
59534.06955539353,2459534.5747296684,18.500585634266052,0.0513730899988983,rp,21.139472047005338,elp,2.3673503883962836,3.0
59538.06519633488,2459538.5703091584,18.388650437224715,0.06160479746453943,gp,17.628497206327424,elp,2.2103260993084177,3.0
59538.07036073302,2459538.575473467,18.526258761209217,0.07032376669115983,rp,15.442858810014759,elp,1.996085759070505,3.0
59554.859793611104,2459555.364421573,18.420581754913137,0.016961303739062832,gp,64.02809693802494,tfn,2.306487310555225,3.0
59554.86154322916,2459555.366171122,18.473382168132765,0.027685926072389132,rp,39.225706128105855,tfn,2.923971784425854,3.0
59556.94734859568,2459557.451891775,18.38673717068693,0.014108946812895302,gp,76.97243560429452,tfn,2.384227191021498,3.0
59556.94912154707,2459557.4536646516,18.500075333574472,0.020930335897787134,rp,51.88641048588321,tfn,2.6182448098388673,3.0
59558.87391258873,2459559.3783731093,18.39606988638593,0.016187331594254468,gp,67.08950105065279,tfn,1.9906621307611008,3.0
59558.87565965278,2459559.3801200963,18.479753807519437,0.020277657037224367,rp,53.55648327646502,tfn,2.8153811027506848,3.0
59560.82996594522,2459561.3343382035,18.401493129430577,0.020520849367131735,gp,52.921786061129,tfn,1.9751588909138107,3.0
59560.83171037424,2459561.3360825516,18.472236165744576,0.025079844936754067,rp,43.301703130089386,tfn,2.958285067735549,3.0
59562.87020642361,2459563.37448208,18.62288802341516,0.0754907239943486,rp,14.399120129017728,tfn,1.8579289550302127,1.0
59562.871950628854,2459563.3762262,18.35798231032244,0.054698126289769534,gp,19.854427814342156,tfn,2.0180013482631627,3.0
59564.83312853781,2459565.3373070504,18.372497969819072,0.0644350697827547,gp,16.854175896161678,tfn,4.231230948426323,3.0
59564.83488591435,2459565.3390643373,18.556609293900724,0.07605772929480553,rp,14.278627695951606,tfn,4.219363267214623,3.0
59566.910680555564,2459567.4147518035,18.512129297258532,0.1142462885128329,rp,9.505779261074318,tfn,4.168507392347893,2.0
59566.91418201389,2459567.4182530744,18.331321553181272,0.0810604302951988,gp,13.409748909327178,tfn,,
59570.83260608796,2459571.3364631287,18.42374659321127,0.016686064127369133,gp,65.08425184694697,tfn,2.9040064060127015,3.0
59570.83443482639,2459571.3382917624,18.50012758948536,0.02265465087058363,rp,47.9371766178987,tfn,2.9683118557988357,3.0
59572.84118298226,2459573.344924551,18.399119093801186,0.023183254404693366,gp,46.84415660728561,tfn,4.660632363322764,3.0
59572.84292483796,2459573.346666304,18.535281991472655,0.03610596927643427,rp,30.078128956610314,tfn,3.9047364964272675,3.0
59573.84889958333,2459574.352581803,18.44868225002104,0.03610580938758178,gp,30.078262152835674,tfn,3.4361287423643367,6.0
59573.8506451331,2459574.3543272484,18.50448696417813,0.050987272770369046,rp,21.299432995583214,tfn,2.582054328362131,6.0
59574.43095089738,2459574.9345983895,18.414426493722377,0.021254781010475374,gp,51.09438669185852,tfn,2.590640048577908,15.0
59574.432700735335,2459574.936348121,18.48753857708992,0.028010216240628674,rp,38.77156786903925,tfn,2.584527824612405,15.0
59575.163423370635,2459575.6670269473,18.416146929581764,0.02208095653779711,gp,49.182651944495156,elp,3.297436365219087,9.0
59575.16517703318,2459575.6687805033,18.494738326455256,0.031208913399222105,rp,34.797751081813345,elp,3.1120808605758636,9.0
59576.92581350694,2459577.4293088806,18.412009139095506,0.012142485957437566,gp,89.43802807816293,tfn,1.758201837503382,3.0
59576.927570173604,2459577.431065438,18.47825216918646,0.016869625428751367,rp,64.37605888682629,tfn,2.7632318399921956,3.0
59578.90539898148,2459579.4087699023,18.40952987417179,0.013059176928512333,gp,83.15991168087454,tfn,1.9319046724155697,3.0
59578.90715162423,2459579.4105224316,18.499596760953,0.017409521175218597,rp,62.37965932950847,tfn,2.9958540575151886,3.0
59580.86264215664,2459581.365886912,18.412912898688514,0.013439906693997734,gp,80.80413240405962,tfn,2.174818547966139,3.0
59580.86440013503,2459581.367644775,18.481149346075952,0.018143819672415698,rp,59.85509223568073,tfn,3.116207145372566,3.0
59582.920858040125,2459583.423966858,18.41340363551927,0.0148817998711699,gp,72.97504397326817,tfn,2.3487022891745095,3.0
59582.92263050927,2459583.425739208,18.485355346837743,0.0205509198387764,rp,52.844349961936324,tfn,2.565232402806266,3.0
59584.95556347221,2459585.458534895,18.43800516324903,0.019084583914177205,gp,56.90456783777467,tfn,3.5191472133842976,3.0
59584.95731657408,2459585.460287876,18.494215547493024,0.0223241143165301,rp,48.64694673220971,tfn,2.5791804975288812,3.0
59586.87440804398,2459587.3772474118,18.422250260760276,0.01464108330004435,gp,74.17483923451965,tfn,1.984002196076768,2.0
59586.87619749614,2459587.379036739,18.49982767920383,0.021403677409023936,rp,50.73894449288117,tfn,2.8161872060487063,3.0
59590.90234406084,2459591.404898645,18.540708228480344,0.038887623944126114,rp,27.92662265918764,tfn,2.1628491849676488,7.0
59590.90249785301,2459591.4050524263,18.42167227386771,0.033019517439465164,gp,32.88963874141919,tfn,2.0997637810461858,8.0
59591.962463989206,2459592.464942046,18.429337834175797,0.031049078274653367,gp,34.97688370628852,tfn,1.9945805672704016,3.0
59591.96422405479,2459592.4667019825,18.531237187108935,0.03337922774688177,rp,32.535204476126694,tfn,1.723058563309298,3.0
59592.217249166664,2459592.7197089824,18.532788636264,0.08147654214359003,gp,13.32898981017248,elp,4.339992875705642,3.0
59592.21900421296,2459592.7214639,18.53938553881123,0.08237713951740296,rp,13.183269124932073,elp,3.7169747830594773,3.0
59599.87864023534,2459600.380530627,18.426945808421518,0.03995589212153017,gp,27.17997127174169,tfn,2.678388152112607,3.0
59599.88039484954,2459600.3822851065,18.47525829438017,0.074446955643907,rp,14.587567625928596,tfn,2.195046553622438,3.0
59600.93284983025,2459601.4346600324,18.428991886928415,0.02658424136280853,gp,40.851269185334694,tfn,3.0964007443618797,3.0
59600.93461312115,2459601.436423187,18.487903942187664,0.031070216527095833,rp,34.953087599274276,tfn,2.7712177557336886,3.0
59615.880668699836,2459616.381317179,18.435462524977524,0.03291911711825204,gp,32.98994915625688,tfn,4.536338461175266,3.0
59615.88240941744,2459616.3830577587,18.47682360031537,0.0460563150784113,rp,23.579828263530747,tfn,4.293510380486374,3.0
59623.09959180556,2459623.5996779264,18.424605368721714,0.05539529361166437,gp,19.604553549497304,elp,4.45927843419332,3.0
59623.10134125385,2459623.601427238,18.52038467087671,0.06722905412501971,rp,16.15373017119154,elp,5.664058303009964,3.0
59624.110029278556,2459624.6100373534,18.476714783345336,0.06641043897115036,gp,16.35285079913075,elp,3.4545756415384687,3.0
59624.1117820679,2459624.6117900065,18.570736024147912,0.07731033282871193,rp,14.047281395180795,elp,3.1984666888094195,3.0
59625.48325384259,2459625.9831561646,18.39050660427539,0.052347980330143366,gp,20.745786048495404,elp,2.8712102113054834,6.0
59625.484999415516,2459625.984901602,18.527695927207205,0.05592637198885592,rp,19.418388166076642,elp,2.40648423540234,6.0
59628.11954021219,2459628.6192412605,18.4550086435044,0.07263089436833714,gp,14.952314844045665,elp,3.932433805659946,3.0
59628.12129115741,2459628.6209920715,18.52300910594559,0.07414877554102252,rp,14.64622971958822,elp,3.434495646432207,3.0
59629.10708829475,2459629.606714489,18.407735372769118,0.020963066048027168,gp,51.8053989579546,elp,2.9611336374147865,3.0
59629.10883431713,2459629.6084603784,18.522060668679785,0.029197054228194932,rp,37.1955332038694,elp,2.576540897102824,3.0
59630.09131018133,2459630.5908621154,18.48833156430554,0.02620064753138056,gp,41.44935726108662,elp,4.30281651617046,3.0
59630.093059108796,2459630.59261091,18.535660093416137,0.03671676261309206,rp,29.577771097192702,elp,4.0827192117894375,3.0
59631.11029093364,2459631.6097663394,18.426623694732648,0.0196721859931366,gp,55.20484608974788,elp,2.5253970662835474,3.0
59631.112046222996,2459631.6115214964,18.497894348661028,0.02596872681814197,rp,41.81953191641692,elp,2.1244283094605074,3.0
59633.074803406635,2459633.574132494,18.434928635508314,0.0347210999393458,gp,31.27781095348738,elp,2.5093008923209066,3.0
59633.07654593751,2459633.575874895,18.49471102569042,0.033121813455228036,rp,32.788059792317405,elp,2.4148910950255047,3.0
59635.09988419752,2459635.59906418,18.693210589999893,0.1451102235315195,rp,7.483966143599173,elp,1.626826074082724,3.0
59635.10163518519,2459635.600815038,18.403620673211904,0.0780698397969943,gp,13.923430777900135,elp,,
59640.07830407407,2459640.577126365,18.490696714389784,0.05957796335223647,gp,18.22821625471414,elp,3.5992161622086685,3.0
59640.08004172839,2459640.578863896,18.552720514517482,0.061993268807642304,rp,17.518030923159223,elp,3.3652031198871923,3.0
59641.07877818288,2459641.577530285,18.469208828106115,0.0626931404075997,gp,17.322469299501776,elp,3.793178337790683,3.0
59641.0805234375,2459641.579275416,18.55514402628979,0.056431243279728704,rp,19.244658399899443,elp,3.375783867932095,3.0
59642.07921888117,2459642.5779014174,18.39064541562251,0.10168105988729564,gp,10.68045515264823,elp,3.888425273010906,3.0
59642.0809736304,2459642.579656044,18.525849894960672,0.0672613314048462,rp,16.145978340264513,elp,2.9161442251112106,3.0
59762.20858225694,2459762.70674574,18.427360263021974,0.018575406616014867,gp,58.46439986211126,tfn,2.137613668754227,3.0
59762.21032490355,2459762.708488495,18.494091112917296,0.023741451041794967,rp,45.742781184190555,tfn,2.0916313102560746,3.0
59763.20913544367,2459763.7073614895,18.43230724170464,0.023242486827084467,gp,46.72477640105552,tfn,2.450392007679975,3.0
59763.21092420138,2459763.70915036,18.49150205959731,0.0287680967934065,rp,37.750151071825705,tfn,2.3039012294092927,3.0
59765.208160551694,2459765.7065137257,18.40571869373661,0.0353566459303139,gp,30.71558320719814,tfn,3.085685452396096,3.0
59765.20992505015,2459765.708278338,18.49895409818764,0.0531870582622145,rp,20.418500956491577,tfn,2.7423617045327178,3.0
59766.19407212577,2459766.692489006,18.45481134856094,0.028944367328891035,gp,37.52025351461046,tfn,4.420034864726854,3.0
59766.195812989965,2459766.694229984,18.52157057805895,0.04350476137454673,rp,24.962784892675785,tfn,4.070063332905524,3.0
59767.202116045526,2459767.7005987284,18.44039222941027,0.0187427732931937,gp,57.94233238655098,tfn,2.877775981344012,3.0
59767.20386008101,2459767.7023428795,18.52576618241453,0.02553342910067417,rp,42.532477550041484,tfn,2.617554992006083,3.0
59768.15219211419,2459768.6507373997,18.431934850555454,0.023612182945482566,gp,45.99320624050016,tfn,2.6998394255297646,3.0
59768.1539421142,2459768.6524875164,18.45830147821082,0.036595387060834504,rp,29.675871393153546,tfn,2.393873075306303,3.0
59772.14110882716,2459772.6399229276,18.482168893850815,0.04983713437851756,gp,21.790980030106294,tfn,2.9827839674056946,3.0
59772.142856099534,2459772.6416703206,18.593247617315512,0.056278709530884936,rp,19.296817731828394,tfn,2.874934963465512,3.0
59991.118371944445,2459991.61823446,18.37178533552544,0.0290120661321282,gp,37.46717011763016,elp,,
59991.12385771219,2459991.6237198035,18.4176638960337,0.040894705705643526,rp,26.556004775213008,elp,5.636264528116958,3.0
59998.07472418596,2459998.574061186,18.420380804132893,0.025702893380088868,gp,42.25205248064742,elp,2.797105552317148,3.0
59998.07646552083,2459998.575802391,18.481086559823616,0.026757444321253567,rp,40.58683583384625,elp,2.626517544437833,3.0
59999.0752177122,2459999.5744807045,18.452091307954426,0.036869173162782494,gp,29.45550189599208,elp,3.7284169131409706,3.0
59999.07696302855,2459999.5762258912,18.48727314211161,0.03388256251785276,rp,32.051885078874584,elp,3.216918082980032,3.0
60004.082508888896,2460004.5814089645,18.430850711688368,0.02814918319808355,gp,38.580160296584985,elp,1.7464054592153229,2.0
60004.082509085645,2460004.581409161,18.46293073581023,0.0298050120814788,rp,36.47037616847044,elp,1.815570290392241,1.0
60007.07907343751,2460007.5777630596,18.525665084176723,0.0525554378557172,gp,20.663894057574872,elp,2.0538070218221787,3.0
60007.08084477623,2460007.579534274,18.538706835412437,0.05102884974117553,rp,21.28207877520898,elp,3.9997420052629926,3.0
60008.079552527015,2460008.578173124,18.425179170238117,0.03855036424690243,gp,28.170940047272353,elp,2.361787161644522,3.0
60008.08130864584,2460008.5799291213,18.536396366663723,0.0371090513684347,rp,29.26509732673365,elp,2.2145491925646934,3.0
60112.44417127315,2460112.9414845393,18.54775673919871,0.0649440587860516,gp,16.722083902665574,elp,2.500057217644789,3.0
60112.445931176706,2460112.9432445313,18.52556119798468,0.045326263953967404,rp,23.959618668393308,elp,2.1485393884568667,3.0
60113.20719634645,2460113.7045473866,18.474960121803157,0.0355947360943428,gp,30.510129282082303,tfn,2.420882832690181,3.0
60113.20895499229,2460113.706306121,18.51115831983413,0.0399729325102203,rp,27.16838449924411,tfn,2.1632636280778925,3.0
60114.20464541281,2460114.702046789,18.47144997937722,0.025485269839167934,gp,42.61285075078714,tfn,2.4779448823583734,3.0
60114.20641920526,2460114.7038206724,18.5363511465398,0.0323598857034508,rp,33.56006909147367,tfn,2.2949070503046505,3.0
60115.20184726852,2460115.699299918,18.447352208572706,0.019727539290489468,gp,55.04994738616764,tfn,2.3648645867328675,3.0
60115.20359311343,2460115.701045854,18.498532947351162,0.02865121382145397,rp,37.904153267908164,tfn,2.4583269998845285,3.0
60116.19919735725,2460116.696702221,18.431145470259313,0.0173474487215108,gp,62.60286555298257,tfn,2.3604807720490846,3.0
60116.2009419213,2460116.6984468778,18.49158433601426,0.023664631213334664,rp,45.891270825638536,tfn,2.3848431952262743,3.0
60117.19637381559,2460117.6939318017,18.406914610248375,0.019738496416085268,gp,55.01938836207395,tfn,2.8902309870450584,3.0
60117.19813149306,2460117.6956895743,18.537811366473647,0.031002664265606005,rp,35.02924750905347,tfn,2.6030339165513774,3.0
60118.20515269289,2460118.70276534,18.463104937483543,0.043574245268731465,gp,24.92297900519932,tfn,3.6177838055341063,3.0
60118.20691930556,2460118.70453205,18.545658282351347,0.0578865995296264,rp,18.760818718401044,tfn,3.220350823331436,3.0
60119.19083681327,2460119.6885037366,18.42551288998869,0.017891558696461463,gp,60.699015576255285,tfn,2.6515918525207662,3.0
60119.19258352623,2460119.6902505467,18.487282741347475,0.02605381425849303,rp,41.682956254514075,tfn,2.520888036545878,3.0
60121.19144347608,2460121.6892231577,18.409008562798107,0.0262553077852727,gp,41.363064904124506,tfn,3.227354070924136,3.0
60121.19330184028,2460121.6910816296,18.553590339797864,0.04433741842972544,rp,24.493983602615565,tfn,3.119228524706949,3.0
60122.18264005016,2460122.680476846,18.417671388506225,0.023810607457249968,gp,45.60992414619517,tfn,3.0959941892027896,3.0
60122.18439106095,2460122.682227959,18.51704116179146,0.03923083465174887,rp,27.682306778338894,tfn,2.9970593089477777,3.0
60123.41412515432,2460123.9120341144,18.421133161438235,0.015620933763351169,gp,69.52209236991348,elp,2.7153617722971184,3.0
60123.415872523154,2460123.9137815875,18.485273845957337,0.018301356090334432,rp,59.33986501544296,elp,2.331988626532954,3.0
60124.41505371913,2460124.913022163,18.43039980323111,0.016595796076917267,gp,65.43825887993972,elp,2.7412548322719736,3.0
60124.41680084491,2460124.9147693943,18.471988461584473,0.019513512820345066,rp,55.653741589147444,elp,2.4144401091403918,3.0
60137.4283608642,2460137.927167853,18.427426636006857,0.016289414890102032,gp,66.66906130924863,elp,2.2180524555500987,3.0
60137.430108190594,2460137.9289153,18.4801253540612,0.017890938243284363,rp,60.70112060264066,elp,1.929187241894667,3.0
60139.18381307484,2460139.6827411945,18.417317026700836,0.08195790394038734,gp,13.250704908094159,tfn,2.844710933313333,3.0
60139.18381660301,2460139.682744723,18.564947292748418,0.12274928420535916,rp,8.847302100622644,tfn,2.326976043215087,2.0
60140.13385806328,2460140.6328524654,18.484937369363493,0.05881634081496703,gp,18.464256445610857,tfn,3.0544145807686367,3.0
60140.135653819445,2460140.6346483477,18.515421412379723,0.0979546128872172,rp,11.086767309778425,tfn,2.6475272142975315,3.0
60141.41769619213,2460141.9167810176,18.417646559882648,0.015918613584335998,gp,68.22202161302728,elp,2.1415546635672453,3.0
60141.41946947146,2460141.918554423,18.481431445866466,0.020067699588700166,rp,54.11681569179514,elp,2.0247085569387817,3.0
60142.12819897377,2460142.627334004,18.42563319443425,0.0186644827855517,gp,58.18537874731144,tfn,2.4207434376968067,3.0
60142.13000273149,2460142.6291378904,18.489652326587226,0.025487372703352665,rp,42.60933492988649,tfn,2.2509888541408287,3.0
60143.12635645061,2460143.6255625687,18.41841202950463,0.020793971850159798,gp,52.22667452979429,tfn,2.387592190626982,3.0
60143.12813463734,2460143.627340883,18.458558958649746,0.028725200722933334,rp,37.806524329453005,tfn,2.190550567658173,3.0
60145.140818950626,2460145.640169864,18.403755917139076,0.03440172579569526,gp,31.568183714082533,tfn,1.933848121903995,3.0
60145.14262317515,2460145.6419742187,18.498689072572667,0.06485135093591626,rp,16.745988854929877,tfn,1.931844276240693,3.0
60146.1173163696,2460146.6167380554,18.437262619198222,0.01684450522155013,gp,64.47206289031385,tfn,2.4498764603802066,3.0
60146.119114158944,2460146.618535977,18.508003454417103,0.025337056345458336,rp,42.862121992110005,tfn,2.3276430513776645,3.0
60157.08919946374,2460157.5894364906,18.422290696501257,0.0694155461171261,gp,15.644910409082899,tfn,2.3336174783257375,3.0
60157.09098682485,2460157.5912239873,18.411861631387765,0.08013503667259274,rp,13.552124577381353,tfn,2.31514290312539,3.0
60158.090509560185,2460158.590822286,18.357336769555047,0.0713827251988404,gp,15.213764912657636,tfn,2.502940602804789,2.0
60158.09051818672,2460158.5908309133,18.4564831320233,0.0834737498695061,rp,13.010078038877321,tfn,2.188434400047481,3.0
60159.09008046682,2460159.5904688877,18.49465693019222,0.0755790264741608,gp,14.369065740364958,tfn,2.275521444534402,3.0
60159.09185584877,2460159.592244405,18.523391789993955,0.08959648363251198,rp,12.12101140547353,tfn,2.059119204820536,3.0
60160.08816991513,2460160.588634027,18.435832603411445,0.06534663726186517,gp,16.619064813512068,tfn,2.3884974232222262,3.0
60160.0899864429,2460160.590450693,18.538412250645035,0.07843716705373006,rp,13.84547709705122,tfn,2.160196682230006,3.0
60161.11510359182,2460161.615645683,18.412399505755893,0.03482935636228777,gp,31.180593425375207,tfn,2.768988388889562,3.0
60161.1169055787,2460161.6174478065,18.47298752910246,0.037786585317670464,rp,28.740358274505017,tfn,2.7856087924914643,3.0
60162.08711332176,2460162.5877292766,18.430483240456805,0.030127410231050266,gp,36.04690850197054,tfn,2.48438097761405,3.0
60162.088923649695,2460162.589539743,18.46979380011494,0.03280927217152333,rp,33.100399006796295,tfn,2.4835706065501983,3.0
60164.08546730325,2460164.5862352555,18.44389728426502,0.021841693544575564,gp,49.72141916484817,tfn,2.2760453401455494,3.0
60164.087254247686,2460164.5880223364,18.503628068602517,0.027861059427123566,rp,38.97913512013642,tfn,2.1571046701887973,3.0
60165.132536157405,2460165.6333837807,18.382210931051695,0.026442899074624503,gp,41.06962693217561,tfn,2.6199364452766707,3.0
60165.13432017361,2460165.635167932,18.48983096641117,0.041905285847756435,rp,25.915585063552154,tfn,2.573917630858793,3.0
60168.22617747685,2460168.7272602525,18.38571798371168,0.029223320484119897,gp,37.162101431633616,tfn,2.4778855921704452,3.0
60168.227954467584,2460168.729037377,18.509394994908078,0.048991319888531365,rp,22.16719211629625,tfn,2.3451466686450204,3.0
60170.18416294753,2460170.6853942126,18.408373876280546,0.019429176814300265,gp,55.895317150064855,tfn,2.262675603321436,3.0
60170.185960613424,2460170.687192014,18.481681639130148,0.029117323671583036,rp,37.29738393023664,tfn,2.1133635382742777,3.0
60171.22903973766,2460171.730350021,18.4254107725834,0.027952961883367333,gp,38.850981321095546,tfn,2.377000719462364,3.0
60171.23065153935,2460171.731961943,18.516808416893042,0.03068419192591737,rp,35.392817338061015,tfn,1.9987952386912895,3.0
60172.080556010806,2460172.5819306173,18.336805087469763,0.0182241360129874,gp,59.591302392939994,tfn,2.336015434201132,3.0
60172.082343047834,2460172.5837177895,18.375259220032966,0.03308972952495163,rp,32.81985122244929,tfn,2.2830375154063387,3.0
60277.025416319455,2460277.530310917,18.40439677356889,0.034594048097085835,gp,31.39268341629795,tfn,2.0865505065698895,3.0
60277.02719244599,2460277.532086991,18.473028225821757,0.042038531946465396,rp,25.833442551775672,tfn,1.7999914180080923,3.0
60279.96752977237,2460280.472333664,18.4312559195682,0.020757825098232832,gp,52.31761973427814,tfn,2.612731234049924,3.0
60279.96931409722,2460280.474117929,18.493256695635587,0.0245266551420702,rp,44.27835731001088,tfn,2.4461660022311347,3.0
60280.94012640046,2460281.444897933,18.406703124042263,0.011869258349093734,gp,91.4968709972448,tfn,2.269000265011353,3.0
60280.94190909722,2460281.4466805677,18.49231434719316,0.016267948732227866,rp,66.75703359259815,tfn,2.0605960002819104,3.0
